{"f1": 0.6843220229020502, "precision": 0.7712531114801219, "recall": 0.6291295664814575, "documents_f1": [0.644910974043735, 0.6194285498581271, 0.806956257492503, 0.6575644253625725, 0.6058152651013166, 0.6739229610243981, 0.7552349794080669, 0.7061185331293519, 0.7410194842160182, 0.7507100372766494, 0.629902373322183, 0.7525840757496599, 0.6816288196262069, 0.7035260583581368, 0.6790167007955149, 0.6853387406559911, 0.6554626770636641, 0.7142107064234424], "documents_precision": [0.7103364629940226, 0.7601597466164369, 0.8995187787522555, 0.7510351136799557, 0.6884961064193513, 0.783919689930412, 0.8892214585904593, 0.7578184329672856, 0.8669420330248846, 0.8185002741945003, 0.7235407100233803, 0.8385651540019863, 0.7522479896003994, 0.7957981456459301, 0.7474221327403253, 0.7420687078513327, 0.7562538621803832, 0.76218659128298], "documents_recall": [0.5974568275511679, 0.5496793285786467, 0.7485745662472908, 0.5986675212271297, 0.5536945738356708, 0.6346154637416651, 0.6850034785627819, 0.6814162507163637, 0.6653678217652037, 0.7083974734665626, 0.5753752587233512, 0.7012645295208614, 0.6416146227023304, 0.6706263208807756, 0.6303953405679233, 0.6425438498754431, 0.6047927243880525, 0.6755677588886062], "method": "embedding", "split_length": 500, "config": "droc_final_512", "embedding_threshold": 70}