{"f1": 0.5716954811766796, "precision": 0.6256089532406331, "recall": 0.5300633948157268, "documents_f1": [0.5575975054572231, 0.5221800881011242, 0.6338638014092972, 0.5347908101356065, 0.56485532853862, 0.5964743530376025, 0.5856278411110962, 0.5668405789631524, 0.54699514522361, 0.6259410638636661, 0.5659084078259006, 0.637285367275575, 0.6283789279965593, 0.5328748936183589, 0.5104000551082076, 0.5160206654886715, 0.5226563393778165, 0.6586094660044104], "documents_precision": [0.6023479037319768, 0.6162089550098435, 0.6475686684974257, 0.5735439422842024, 0.6179477168351647, 0.6556230672705198, 0.645274899777727, 0.5870449016670225, 0.6800256254358624, 0.6396548189003636, 0.6474884297688792, 0.6997102086319157, 0.6889425459256281, 0.5987916630698519, 0.5619967584535117, 0.5950817141798338, 0.5802657532433967, 0.6812509796463502], "documents_recall": [0.5239701906952655, 0.47283853564636535, 0.6277662876844315, 0.5035979997979226, 0.5331188423288821, 0.5673674208629441, 0.5420866383162986, 0.5497809821033949, 0.47815025240224857, 0.6135105242204623, 0.5143225166480058, 0.5894279556578427, 0.5788403344761953, 0.4839194288919559, 0.47816789625249595, 0.4604856524030545, 0.48142807976929186, 0.6397310357612148], "method": "overlapping", "split_length": 1500, "config": "droc_final", "embedding_threshold": 95}