{"f1": 0.8964702675243386, "precision": 0.9058725780343782, "recall": 0.8905795427878295, "documents_f1": [0.9095107221620325, 0.9107764390896921, 0.8823666433729328, 0.9012471884002836, 0.9186337818010145, 0.8426477805111995, 0.9659451585907558, 0.9383590042555223, 0.9302371273073997, 0.9073235497046115, 0.964806970823231, 0.9493087557603687, 0.9485580385600478, 0.9143473005509621, 0.8926206509539844, 0.9480539861895795, 0.9790852889476577, 0.9071351985030791, 0.9220755946562399, 0.8763198482394761, 0.8668308018552932, 1.0, 0.9132237142797167, 0.8262521119960894, 0.8555550063591465, 0.9620823066750646, 0.9852037197903422, 0.9536262854049191, 0.9326923610782787, 0.9598839141531323, 1.0, 0.9124501852706568, 0.9509347817845355, 0.8469279867138496, 0.8854294239410825, 1.0, 0.8880017746091021, 0.9065511159764034, 1.0, 0.8730519700624946, 0.9241247416939893, 0.8646262930725186, 0.9330600926222465, 1.0, 0.926144597359797, 0.8620474160896813, 0.874388805217063, 0.8941594394932864, 0.8568606883363619, 0.862625483763113, 0.9512289517764261, 0.8874434960642849, 0.8574944656684695, 0.9272818585189099, 0.9463679507068762, 0.9074391994459421, 0.8584876231216104, 0.9576743603585203, 0.8800005526293226, 0.8703668833743236, 0.9461451965396989, 0.8447195521215827, 0.9402263000965707, 0.6928597620170592, 0.9452005836330621, 0.8228842004761194, 0.9077693077693078, 0.8962079989016489, 0.8949103942652329, 1.0, 0.873631559083584, 0.9078801263912579, 0.9747386890905348, 0.8580628039157533, 0.8598115819286215, 0.8140587527386893, 0.87562427240777, 0.9512007733366957, 0.8604009188142395, 0.7940596654564076, 0.8035979734235573, 0.9483529057787341, 0.9536476709320935, 0.9246333740501207, 0.8875832444877084, 0.9687857961053837, 0.8973694800195955, 0.9505842876982881, 0.958925090504038, 0.8911149940784747, 0.9697320223636012, 0.9162781662781662, 0.8266652653689027, 0.8515379701244549, 0.9312946628646287, 0.9090931956007712, 0.8924001413388359, 0.975608882256362, 0.9447622392827872, 0.8875779790907661, 0.8363871105837064, 0.8324070440036176, 0.9023151784934975, 0.9748873105680617, 0.8049350826834113, 0.9522869605164281, 0.8759960686329085, 0.9305404136761455, 0.9482683331402022, 0.8784086714319272, 1.0, 0.846039855938797, 0.9637315581993722, 1.0, 0.879693297488031, 0.873465619688694, 0.8963893249607535, 0.9088704561768819, 0.8654154154154154, 0.8520500261422992, 1.0, 0.9369750646972542, 0.9182523113745833, 0.9230083423162636, 0.9444395115807197, 0.9039736070148287, 0.880028407925816, 0.8898994622192099, 0.9575684321257626, 0.8578367808263915, 0.9156346439878029, 0.9034238965862516, 0.7466974410961998, 0.8584038205307412, 0.9309983896940418, 0.9446997140635532, 0.9484253059990418, 0.7666190214085833, 1.0, 0.9360485008496827, 0.8839537046794822, 0.9324361139497693, 0.8931483079681134, 0.8960091692405155, 0.9104123395002034, 0.8416392594020236, 0.9082117410836031, 0.9114225175016079, 0.9861405647903773, 0.9016257129714402, 1.0, 0.952090370854673, 0.8387656820361974, 0.8244726379565132, 0.9603049901466757, 0.9100269995734741, 0.8424556052129053, 0.8603058356883587, 0.9317124252460793, 0.935295123849809, 0.9561818629722879, 1.0, 0.9525323359825464, 0.9577758649410196, 0.867038919059557, 1.0, 0.9518971848225215, 1.0, 0.8359119451165263, 0.8147788319562613, 0.8949602203535535, 0.9605530031466861, 0.9701234567901235, 0.9327608058560702, 0.9777865169056129, 0.9420056564481761, 0.837472181758968, 0.9575397278259086, 0.9178360408657671, 0.9130116959064328, 0.9635964912280701, 0.8334896815119542, 0.8948417726985642, 0.8168069390377091, 0.8641063656350632, 0.9355058891581646, 0.9285499625747947, 0.9561613216715258, 1.0, 0.9165537730243614, 0.9263676814238613, 0.92850234237244, 0.9473666741590622, 0.9107564428526844, 0.8972628669330723, 0.9405752875711094, 0.9023060842598786, 1.0, 1.0, 0.9167677559919291, 0.7711608447827979, 0.9246026481966413, 0.8641877906015832, 0.8053961536928819, 1.0, 0.8940393694593677, 0.8862718913767159, 0.9164929820584563, 0.8440658537603422, 0.9022400522219799, 0.8855866706815217, 0.939590052929384, 0.98779381224369, 0.9536435786435787, 1.0, 0.9464533144386711, 0.8932021794481105, 0.8455750707466955, 0.8761823328373106, 0.968323736141573, 0.8509945160893823, 0.9177188552188552, 0.9553421487454471, 0.8954042742548008, 0.857561586388511, 0.8913679693205876, 0.9522722096354634, 0.8380621495723645, 0.9298936835522201, 0.84173518055871, 0.8802893178717458, 0.8169878846081987, 0.8859781066335725, 0.8831822329671372, 0.8815564532867004, 1.0, 0.9691098210847641, 0.9019767290190814, 0.9550403473884345, 0.9666220719227008, 0.8369928209001675, 0.9277470923705601, 0.8444744026528005, 1.0, 0.874340948672904, 0.9590395074592726, 0.9416317645308699, 0.9702798036131369, 1.0, 0.8600425521945545, 0.8525518475993463, 0.9236812570145904, 0.9250746795023254, 0.9762725292137057, 1.0, 0.9579964061096137, 0.9494055458967741, 0.8551426860802391, 0.9797893545059467, 0.9129403654492108, 0.949127776508885, 0.9382089175192624, 0.9630468298225572, 1.0, 0.9389092226797745],