{"f1": 0.5521765341541219, "precision": 0.6091663872814167, "recall": 0.5090579726170016, "documents_f1": [0.5001328595314999, 0.494646575064956, 0.5679672401606157, 0.5366631044439638, 0.5500640447090311, 0.5823415000917743, 0.5761834010934489, 0.553272360888467, 0.5464159674044191, 0.6317179087473963, 0.5801828222026387, 0.6047267284033215, 0.5952064653104343, 0.5359823939420721, 0.486604450149199, 0.5117961537163178, 0.5007615996734106, 0.6551595846160377], "documents_precision": [0.5691999072120807, 0.5849900165394637, 0.6193965635150083, 0.5787160550546268, 0.5887420390834416, 0.6536761496636726, 0.6253226254934602, 0.5797090154956439, 0.6354669859606711, 0.648094378500039, 0.6556406225929706, 0.6710606689650861, 0.6730619271661932, 0.5874531478572673, 0.5463392373613153, 0.5912919508083648, 0.55493869966632, 0.6881019175566815], "documents_recall": [0.46240632969431933, 0.4465458853834918, 0.5411693602551528, 0.5033738761356551, 0.5210309544509589, 0.5412260761384774, 0.5384704335146108, 0.5325942032951594, 0.5007369988623734, 0.6165604327471823, 0.5273444756432185, 0.5554725134861834, 0.5359799437873264, 0.49670547285513345, 0.44972084722677735, 0.4572028683089466, 0.4619449764945271, 0.62855108905969], "method": "overlapping", "split_length": 1500, "config": "droc_final", "embedding_threshold": 95}