{"f1": 0.7580580914926843, "precision": 0.8528227791531261, "recall": 0.7087854695360538, "documents_f1": [0.7163055557018408, 0.6571919283567462, 0.7449476525572928, 0.7872684767848906, 0.725086899592983, 0.7292579899361438, 0.7573670666060522, 0.80614395769312, 0.7599847379613754, 0.8556953960298944, 0.7719437272573484, 0.8522413538079142, 0.6941092830227463, 0.8507199752251706, 0.7811899614461192, 0.7714572021832407, 0.7246381330093709, 0.9262847289379899], "documents_precision": [0.8051531429363915, 0.7629416781251829, 0.8097733658209322, 0.8771982631378176, 0.8551627943184821, 0.814547452849299, 0.8622281272854121, 0.8749405582987952, 0.8542313543869314, 0.9466321880003307, 0.8648372558714676, 0.9175446546170919, 0.7904346904518693, 0.989506038050639, 0.8520236598814005, 0.8655407111214929, 0.8295232346403197, 0.9948627259216173], "documents_recall": [0.6574197400641524, 0.5990615874326081, 0.6986631124353142, 0.7401826906457337, 0.6469473921086433, 0.7296052311070519, 0.7473400727870617, 0.7795273980171403, 0.723271431961376, 0.819898207159577, 0.7241183478514177, 0.821387114933858, 0.678266062893663, 0.7987382987382987, 0.7337044786315375, 0.7085658584655189, 0.6694433111232877, 0.8823529411764706], "method": "neural", "split_length": 2000, "config": "droc_final_inc_512"}