{"f1": 0.7770394687151844, "precision": 0.8649450866739997, "recall": 0.7214489316110931, "documents_f1": [0.7355770845544501, 0.7355895984897497, 0.8557987728592842, 0.8179012531898632, 0.7286377985201297, 0.748041003349765, 0.8501475891003079, 0.7829873301812179, 0.7743385642720733, 0.8425419634512497, 0.7255422391796259, 0.8079207054364698, 0.7863738283980998, 0.7823769718230373, 0.7687589496440022, 0.7766596056277296, 0.7125405977735597, 0.8479997897472541], "documents_precision": [0.8116309669070972, 0.8410219243625702, 0.9325374755962992, 0.8985457057913523, 0.8240976041351707, 0.8357000603994068, 0.9610416021818352, 0.8395330859791681, 0.9067070420158873, 0.9252475649695113, 0.8388310967829417, 0.9097467439172405, 0.8466498652530033, 0.899702302505918, 0.8355388742027211, 0.8640592777550552, 0.8155651986189433, 0.9143594254626746], "documents_recall": [0.6809572333676724, 0.6682038053357151, 0.8140420737163243, 0.7766654159484688, 0.6634593404252725, 0.7124511255743639, 0.8006139594861792, 0.745888221394862, 0.6980629160639974, 0.7851065910592251, 0.665767088171125, 0.737215402679548, 0.7544808858128856, 0.7364457623696327, 0.7174467783228358, 0.7146935990816674, 0.6754753840140456, 0.7975527611900528], "method": "embedding", "split_length": 1500, "config": "droc_final_512"}