{"f1": 0.8101420627275546, "precision": 0.9000820956738241, "recall": 0.7543782051067908, "documents_f1": [0.772585600204383, 0.7277768931078632, 0.8737949943273864, 0.8254009591571366, 0.7874049552383023, 0.7937599490513767, 0.8644097634226391, 0.8151178600536432, 0.7947273263034225, 0.9259259259259259, 0.8054844051509895, 0.9054481652325171, 0.8419304079685821, 0.8080956793557483, 0.8303823303579471, 0.8064544221245594, 0.7159037438304816, 0.7875228240521394], "documents_precision": [0.8506960224409376, 0.8215307258055211, 0.9417766521563419, 0.9010281509382815, 0.8802108524452016, 0.9025769111735921, 0.979862849217688, 0.8832754654412541, 0.9289887851968929, 1.0, 0.905991776675333, 0.9822825385265116, 0.9090303940041008, 0.9326966016422089, 0.9074063687963582, 0.8966142395466612, 0.8113534998379183, 0.8700173916329857], "documents_recall": [0.7146297603665951, 0.6702872814372448, 0.8323819210979151, 0.7858743481421633, 0.7250290617593315, 0.7439100323414666, 0.8128002305434836, 0.7676958465359555, 0.7160292709161283, 0.8787878787878788, 0.7476311444877113, 0.8478800375654952, 0.8060747743956963, 0.7586651081204341, 0.7715439067742912, 0.7450299343394655, 0.6691683559990071, 0.7341799535611441], "method": "embedding", "split_length": 2000, "config": "droc_final_512"}