{"f1": 0.5148341199542917, "precision": 0.5711383977256606, "recall": 0.47259343704186935, "documents_f1": [0.4739099153352491, 0.48485784316916875, 0.5132453065474408, 0.48670308055186146, 0.5333343153642762, 0.5539859718750936, 0.4976391304230114, 0.5275911543554261, 0.5040959036595406, 0.609899460704147, 0.528965881690447, 0.5440803045707866, 0.549365225423638, 0.507299724285312, 0.4418916711010508, 0.4679521827225132, 0.4834989036063488, 0.5969402408905504], "documents_precision": [0.5592561048354494, 0.5468232200169725, 0.5710976022416799, 0.5178192481254723, 0.5871022199985917, 0.6060082585774833, 0.5765814037286289, 0.5568612980405011, 0.5849319820382323, 0.6342815788479368, 0.6116469529301842, 0.5922849456683575, 0.6215879676392596, 0.5524510114643401, 0.5264153488011495, 0.5268627109057004, 0.5392968902663188, 0.6364268776540848], "documents_recall": [0.43260164432437437, 0.4435618766240324, 0.49051299226704587, 0.459677102715579, 0.49775797269448446, 0.5216239562872149, 0.450489882726497, 0.5019541902001746, 0.4549640950172535, 0.5900082703889307, 0.4747466831173859, 0.5056452462749693, 0.4931047868927285, 0.4707911314416693, 0.3954753093250197, 0.42355582834598277, 0.44663068510839904, 0.5638389821370443], "method": "overlapping", "split_length": 1500, "config": "droc_final", "embedding_threshold": 95}