{"f1": 0.6957209058639263, "precision": 0.7924461635797285, "recall": 0.638921680830242, "documents_f1": [0.6400643632908752, 0.6300053031065175, 0.7792821840340993, 0.6353930748219541, 0.6550927908524792, 0.6777879292300906, 0.7130711699264816, 0.720668860607609, 0.7011092574414285, 0.8296939468840979, 0.7341742444763201, 0.7655486605896957, 0.6816250186773348, 0.7856060533076569, 0.6868381676865546, 0.7002807267230334, 0.6620946329852518, 0.7553002693268466], "documents_precision": [0.7473050330860006, 0.7510162540922849, 0.8085243834181178, 0.7266478681093353, 0.7698250142672111, 0.7927447858488992, 0.8303336384790395, 0.7797598345342575, 0.8470199372315831, 0.9146721843394244, 0.8429902790335212, 0.8463462798891929, 0.7677083492035752, 0.9190072455732611, 0.7511896995141941, 0.7995333103407543, 0.7530140353012439, 0.8475173344640298], "documents_recall": [0.5760239920208733, 0.5635022654785687, 0.7762763984904172, 0.5855855970554288, 0.5910457027747817, 0.6239612545186302, 0.6530291178188165, 0.7150057951579324, 0.623503577435507, 0.78673475446922, 0.6677611280815992, 0.7133585313903509, 0.6319157116792236, 0.7194413152307959, 0.6387339248474093, 0.634138043750333, 0.6190995459245917, 0.6939452543317235], "method": "neural", "split_length": 1000, "config": "droc_final_inc_512"}