{"f1": 0.6954835448502182, "precision": 0.781677713546547, "recall": 0.6370508973652639, "documents_f1": [0.6562455727921265, 0.6217632404003212, 0.806956257492503, 0.6790708556957344, 0.6058466550924589, 0.7091859889863622, 0.7642939770092378, 0.731041115312587, 0.7399785572192092, 0.7697806132791363, 0.6344120474804352, 0.773613959400563, 0.6980678602043815, 0.7085478632086032, 0.6956288830211593, 0.6987339212202901, 0.6554626770636641, 0.716864293523613], "documents_precision": [0.7188066524209137, 0.7616346148908013, 0.8995187787522555, 0.7783875675581996, 0.688891969888382, 0.8133663403531699, 0.8878091407800893, 0.7793453861484433, 0.8609996246890513, 0.8336989350405167, 0.7315853116969967, 0.8628882388782483, 0.7674638570907554, 0.8080020952138008, 0.7617481917940413, 0.7624646784395708, 0.7562538621803832, 0.7628339455576666], "documents_recall": [0.6096984296183514, 0.5541359746840526, 0.7485745662472908, 0.6144586906576861, 0.5516878772556938, 0.657936289381569, 0.6899850730087292, 0.6987860270276842, 0.6641797529855252, 0.7265792916483808, 0.5742271354546272, 0.7175699951913955, 0.6516171407486854, 0.6553598110515044, 0.6475513747171278, 0.6495002462473826, 0.6047927243880525, 0.6784965867728245], "method": "embedding", "split_length": 500, "config": "droc_final_512", "embedding_threshold": 80}