{"f1": 0.5840437933197616, "precision": 0.6078043015832623, "recall": 0.6017785750974926, "documents_f1": [0.6193874182446141, 0.5703930174960864, 0.6264941421844373, 0.5413044244564202, 0.558759873159105, 0.5764546818572233, 0.5795480424466573, 0.6028606559392827, 0.5713853028831707, 0.6316044393411955, 0.588216235502743, 0.6293146069947327, 0.5440903704471461, 0.5259139263931387, 0.5342555777608193, 0.5722241513553533, 0.5484459495199887, 0.6722899396375809], "documents_precision": [0.642369838953507, 0.6017281522428825, 0.6313141408445062, 0.5477454952274475, 0.5549607660087615, 0.6442126482388103, 0.6104534186215959, 0.6199220667572284, 0.6488422454141892, 0.647134634238854, 0.6211683509752334, 0.6936794203083837, 0.5727654574775602, 0.576841563858001, 0.5690308080824561, 0.6399351138647499, 0.5689381473594524, 0.6866252867571486], "documents_recall": [0.6473442176442384, 0.608581071044909, 0.6869765498350838, 0.6134694186285128, 0.6097523797369282, 0.5730818983975215, 0.5767266546438483, 0.650397168344924, 0.5575892653967329, 0.6178706003207513, 0.6296598481005246, 0.6183441924074644, 0.5825318316075381, 0.5008119928582312, 0.5074807421510551, 0.5299454665831382, 0.5643352062047978, 0.683274265581956], "method": "string_matching", "split_length": 1500, "config": "droc_final_512"}