{"f1": 0.9089488409390688, "precision": 0.9359127458824047, "recall": 0.8845273669640018, "documents_f1": [0.9401705579645664, 0.9320671086275846, 1.0, 0.8898070455440825, 0.8978871071568331, 0.8472894693313447, 0.8855135923389561, 0.9081302671530175, 0.9542074600805592, 1.0, 0.9228056811370083, 1.0, 0.911425586943777, 0.918386030650614, 0.9386279305634746, 0.9480539861895795, 0.9039764395355881, 0.8878510350975753, 1.0, 0.9568293155547266, 0.8921969578694041, 0.9854734802785035, 0.869888431458728, 0.9196069280781628, 0.8206937125673733, 0.855121553506371, 0.8684123530078572, 0.8705560424079635, 0.9523408671104853, 0.9371712042171355, 1.0, 0.9055752192582788, 0.9262278804512104, 0.8395320455279692, 0.9039023920797321, 0.9326854630469678, 0.8778235832589342, 0.9145027770558395, 0.9773986373507713, 0.8882387438933979, 0.9434578040714791, 0.8583392575592006, 0.9182712652898785, 0.9297796837687288, 0.8879624839359371, 0.8929333119028918, 0.9529606076371833, 0.8240365857878515, 0.8878342584523615, 0.8527791195007447, 0.9374929478221598, 0.8726724113328775, 0.9308857462038267, 0.9181743110699371, 0.9134650242157719, 0.8522709117041418, 0.8507414837947461, 0.9481387733233476, 0.9086813624062843, 0.8916390728476822, 0.9332499130240318, 0.9060237386543761, 1.0, 0.8435392413949402, 0.8148233519287716, 0.8936148795011394, 0.9177104796566086, 1.0, 0.870256739586048, 0.9135526468689928, 0.9528411610465227, 0.9660317460317459, 0.8964015441695583, 0.8792553658959378, 0.889235681575061, 0.9480375494506476, 0.973981793783774, 0.8989712184514733, 0.8563894523773032, 0.9294670680018179, 0.9340318985161913, 0.8872739218334975, 1.0, 0.9209363263959247, 0.929845029060853, 0.9315316531966916, 0.9478297799507364, 0.9206641706641707, 0.847293833860998, 0.9259416288355761, 0.900252308465293, 0.9312946628646287, 0.7898990119491495, 0.9497938064114534, 0.8825797385281083, 0.9447622392827872, 0.8019930208848676, 0.8737941631057016, 0.9167582642422034, 1.0, 0.9867075436640654, 0.8561110619302995, 0.9563217978602593, 0.9441174653791696, 0.8954268119056557, 0.932078206125393, 0.8907667771369349, 0.9770804923725885, 0.8600579254893207, 0.8863153852424297, 0.9843520052869345, 0.9831958094303284, 0.8677003821010819, 0.8963893249607535, 0.9065260565260566, 1.0, 0.8645625112701496, 1.0, 0.9726416187203152, 0.9648857625530319, 0.9361372183887443, 0.9769150602483935, 0.9438783758278783, 0.974476452518627, 0.9185485268268768, 0.9382809787951575, 0.8874653191317162, 0.9453309885316, 0.9190426075993484, 0.8894151612844624, 0.8462390968371442, 0.9310560560560561, 0.918442144269397, 0.945534678421465, 0.9227318045862413, 1.0, 0.9822146856011642, 0.8457887977456418, 0.8911784769296242, 0.8465539108268013, 0.8632423160676841, 0.9657867150179098, 0.847760256021504, 0.9358514177684566, 0.9489253457792373, 0.9445288390494274, 0.900205063820883, 0.9502937799689336, 0.9160846780984082, 0.9170566756007957, 0.8251003410706055, 0.9436458834346665, 0.8411928238579177, 0.9308801683718247, 0.938351228506669, 0.9896880073887249, 0.9306285057550651, 1.0, 0.9491659803477148, 0.9525323359825464, 0.9348466267240841, 0.8904716431716754, 0.9142840157012656, 0.9541715060007743, 0.9214060760554038, 0.8653151224615354, 0.8854185397993325, 0.8590558756035582, 0.8914064892797291, 0.9382813936471779, 0.9454077804766676, 0.8669891505532975, 0.899692415602359, 0.8843409276837587, 0.9436863123243914, 0.9406448474412059, 1.0, 0.936372269705603, 0.8888778713432747, 0.9105512878843768, 0.8476979073823436, 0.9250115417910649, 0.8483288837190835, 0.9013061229388767, 0.9778659253715385, 1.0, 0.9688215007100457, 0.8892089392089392, 0.9151840477427214, 0.9017968090490203, 0.9295149103439259, 0.9279976656429744, 0.8675181705637266, 1.0, 0.9756325514773415, 0.961287678667523, 0.8212096670120577, 0.9409618731213415, 0.8727797207622295, 0.9145465522318279, 1.0, 0.8723599243036363, 0.9840037738616302, 0.888983560849308, 0.9171149483562334, 0.8749358261604036, 0.963567164369089, 0.887584917128332, 0.8751747043318095, 0.9577759436228388, 1.0, 0.9349239892980403, 0.9187570088255407, 0.9793874306315065, 0.8839590259124748, 0.9776879909878877, 0.913713318037041, 0.9177188552188552, 0.9644891839794388, 0.9638821884015442, 0.8941181194041206, 0.8539162671516478, 1.0, 0.8244654573234742, 1.0, 0.8663615114056213, 0.8830717982359899, 0.9130818588032756, 0.8959332854354414, 0.901989546776565, 0.8033791423864747, 0.9873533115672443, 0.8937992510883396, 0.8922773614637335, 0.9571437752773915, 0.8690014895516907, 0.870727254353482, 0.8027341477603258, 0.8322741385780125, 0.9800991047387754, 0.880213534689238, 0.9258312783612812, 0.9373852315908392, 1.0, 0.9245445696008899, 0.8722596896821734, 0.9662215320910974, 0.9357556189055437, 0.9762725292137057, 1.0, 0.9409576278639813, 0.9735845749342681, 0.9837754467742812, 0.8982249620837756, 0.949516575143274, 0.9402588049120487, 0.9306900579954013, 0.9639082711062145, 0.9512936322069812, 0.8541553106510115],