{"f1": 0.5801758614105453, "precision": 0.6333311316359919, "recall": 0.5420041019952696, "documents_f1": [0.5972002619344943, 0.5498033728129484, 0.5989817698009049, 0.5486418737215347, 0.5772283926188719, 0.5653547045376613, 0.6235576919080846, 0.5976078662200573, 0.5654420947245941, 0.6392895055391724, 0.5583394018657933, 0.6310604429654297, 0.5576653233795418, 0.5596356045756212, 0.5061575981805828, 0.555298799384422, 0.5695712394076756, 0.6859236515407264], "documents_precision": [0.6535593010876767, 0.6206764864044323, 0.6440672888891458, 0.589940501816251, 0.6365168636176398, 0.629896243648222, 0.6558596160483019, 0.6170931019683898, 0.673235043280533, 0.6517815389297446, 0.627714655295594, 0.6967940389048118, 0.6237787405612821, 0.6166969445076167, 0.5577738795685366, 0.6392925508379913, 0.6064087268710866, 0.7149776297992215], "documents_recall": [0.5557729381542461, 0.5029006585563821, 0.5687826397408945, 0.5173878875500494, 0.5350302898637934, 0.5432315071350672, 0.5977931209835842, 0.5910313731614417, 0.5074913477980553, 0.6281311944175815, 0.528566533180585, 0.5971544102766386, 0.5135842758345006, 0.5208915995860884, 0.4766662004627525, 0.49784139669226274, 0.5512639851158241, 0.6638926423770971], "method": "embedding", "split_length": 1500, "config": "droc_final_512"}