{"f1": 0.5523722344231952, "precision": 0.6075914107172157, "recall": 0.5101764139485946, "documents_f1": [0.5291894544929933, 0.5154408947397041, 0.5880303319519604, 0.5043340805395307, 0.5715220896656142, 0.586505151540624, 0.5566570322631491, 0.5585734789014035, 0.5294251788563588, 0.6357137641623768, 0.588646440053508, 0.6068693217975749, 0.5462550522537183, 0.5322687565373121, 0.466151318157265, 0.5116604884012693, 0.5321815724746225, 0.6483014199683241], "documents_precision": [0.5766580497334222, 0.5953000627663185, 0.6500121724449189, 0.5551013655649899, 0.616324352696057, 0.6629784809270262, 0.6233949103179071, 0.5871635032107867, 0.6268639961156061, 0.652676366937754, 0.6410894765527825, 0.6555495633373508, 0.6256052786649359, 0.5834714379735192, 0.5524810325434875, 0.5915906232506322, 0.5594243614163301, 0.6824672476372488], "documents_recall": [0.4948908710804752, 0.46823337596502485, 0.5616477865872856, 0.4680074408835715, 0.5405617924724685, 0.5442328699910727, 0.5109539640249983, 0.5332744143007534, 0.47595859515935784, 0.6201799529916289, 0.5466877447394362, 0.5699295345550132, 0.4876774763718383, 0.4931333256063484, 0.4235244818757751, 0.4558307675311522, 0.5086467656512407, 0.6203928140837531], "method": "overlapping", "split_length": 1500, "config": "droc_final", "embedding_threshold": 95}