{"f1": 0.5829488498541524, "precision": 0.6355786571003513, "recall": 0.5441861361542879, "documents_f1": [0.5845537593341411, 0.555579134962377, 0.6221847163212041, 0.5393897277834414, 0.5670629455912689, 0.5617129008097449, 0.593531016091571, 0.5939152653440344, 0.6013915395996643, 0.6658344668050633, 0.5994784713818687, 0.6461016005088197, 0.5527237121820008, 0.5661382903729414, 0.5086855758335047, 0.5725341156826617, 0.5781319145725666, 0.6851826319639085], "documents_precision": [0.6511112986649624, 0.6446999785281529, 0.6628196090820605, 0.5877923656849743, 0.6056406790371929, 0.6236893009832708, 0.6431057918098695, 0.6157897493624349, 0.6761249867979441, 0.6745665315419994, 0.6822752409304017, 0.7094545929050318, 0.5946171595505795, 0.6208036639230093, 0.5592123694978904, 0.6466026195508237, 0.6023181136743717, 0.7290944017373316], "documents_recall": [0.5376876480279682, 0.5010768556253917, 0.5907393319100555, 0.5026177594948058, 0.5373378291476667, 0.5365646093965926, 0.5572005342127878, 0.575908247365862, 0.567588991023763, 0.6592221929010428, 0.5455868145115162, 0.5983798786631431, 0.5290831115634739, 0.5337790767823781, 0.47564507718574034, 0.5212616158556865, 0.5739610525369758, 0.6493782565148699], "method": "embedding", "split_length": 1000, "config": "droc_final_512"}