{"f1": 0.7402542023525016, "precision": 0.826968500867782, "recall": 0.6825635624893455, "documents_f1": [0.6846409986927261, 0.6694398091202022, 0.8208275896674554, 0.7754492940791037, 0.6881094524049961, 0.7167778488081282, 0.8357451208485864, 0.7758616506059347, 0.7550908172782114, 0.8425419634512497, 0.6604542559221255, 0.8245675144778343, 0.7142192059192184, 0.7533060489858072, 0.7478594818408876, 0.768746356072651, 0.6812638149230162, 0.7612512606697209], "documents_precision": [0.7706074204113952, 0.7778349135975499, 0.9043213524550531, 0.8593626438641285, 0.7636514661145682, 0.8010458303443868, 0.9434594444334586, 0.8440633892738374, 0.8829100050285558, 0.9252475649695113, 0.7553945167740824, 0.9013617423862331, 0.7831756756632183, 0.8591564861578029, 0.7983753755707577, 0.8574900761200591, 0.7985054561412368, 0.8335485156636206], "documents_recall": [0.6260716924669094, 0.6023099776295456, 0.7637770642619008, 0.7204911738371712, 0.6345287025752638, 0.6939384675616788, 0.7861651576241974, 0.7234955258681955, 0.6797111683807406, 0.7851065910592251, 0.6026252128758963, 0.7706803397362475, 0.6694873655974133, 0.702067943328604, 0.7067600011220057, 0.70732936437329, 0.616997831694737, 0.7096801893676066], "method": "embedding", "split_length": 1000, "config": "droc_final_512"}