{"f1": 0.7237581918960849, "precision": 0.7991303545534797, "recall": 0.667928861681348, "documents_f1": [0.6678737651774432, 0.6961464591465795, 0.856792195467689, 0.7375168477601405, 0.6688281523243091, 0.7062716570726355, 0.8070028942785733, 0.7532934944468592, 0.6806693875652213, 0.8539567575856104, 0.6478855048124937, 0.7713696199327668, 0.7526009940166766, 0.7399470439096878, 0.6683208633997934, 0.713490754781754, 0.6720265176558691, 0.7196734190506054], "documents_precision": [0.741839289099821, 0.7945185817712933, 0.9265510108847054, 0.8161269333264247, 0.7591655461911241, 0.771609163176301, 0.9018845831309151, 0.8058471682431634, 0.8073869868597527, 0.9249541409079826, 0.7692446575338008, 0.8417083457775458, 0.8045629637820787, 0.8483907165018079, 0.7273125799691448, 0.7725114108154235, 0.7386015223988122, 0.7672072292801824], "documents_recall": [0.6235510206739424, 0.6334779744286675, 0.8027954774633206, 0.67954956228701, 0.6078172601477133, 0.6779157534284997, 0.7489503983162593, 0.7102562445854829, 0.6037080667567635, 0.798727239322688, 0.5750240034447213, 0.7203898706821472, 0.7145029412575012, 0.6705938241894179, 0.6291161464758566, 0.6661199268545299, 0.6423863987039907, 0.6800312993067453], "method": "embedding", "split_length": 500, "config": "droc_final_512", "embedding_threshold": 85}