{"f1": 0.8884787455653304, "precision": 0.901674057057968, "recall": 0.8788195307324561, "documents_f1": [0.8726047135351337, 0.9320671086275846, 0.9289613742428755, 0.8454103821210301, 0.9475735958459172, 0.9085397266123145, 0.9304746233490606, 0.9459116259116259, 0.922342916607971, 0.9060067819757743, 0.9228056811370083, 0.9725681192485104, 0.9160472670591546, 0.8887714629048528, 0.8382721975291423, 1.0, 0.9790852889476577, 0.8849558561932391, 1.0, 0.9720893307100203, 0.8074519818911633, 0.9185185185185185, 0.7392439324636255, 0.805159716570393, 0.8724880491244744, 0.8713973028890498, 0.9184398019065575, 0.9687013356067066, 0.9187281650800805, 0.967087596923125, 1.0, 0.9215468248085003, 0.8733040733040732, 0.8006685110383417, 0.8690810533220387, 1.0, 0.8483101745465413, 0.8814986942359937, 0.9480935288735383, 0.8825845121403603, 0.8633574455128352, 0.9457391743124487, 0.8909504870309943, 0.9723539106426501, 0.9537900208569802, 0.8607542934483133, 0.9142260245791863, 0.9219662414664763, 0.7960109769443031, 0.6997078051685102, 0.8874784073068948, 0.9372889849945314, 0.9040698721143037, 0.9184191021646853, 0.9320747163187445, 0.9716685932808421, 0.8324079045890312, 0.9576743603585203, 0.9000794453486737, 0.9110235955472592, 0.9323544517713378, 0.7867768081231974, 0.9678817603902751, 0.7428330138689755, 1.0, 0.7731737942598231, 0.9554573140780037, 0.909265393968166, 0.8889433318397272, 1.0, 0.8805971305287749, 0.9516672159059704, 0.9219726728495446, 0.9221835307930409, 0.8964015441695583, 0.8273791195325476, 0.8887158576040636, 0.8985019191746396, 0.9174052097831549, 0.7648609379372902, 0.9247091443184882, 0.7114877326398416, 0.852829106120708, 0.87909127357615, 0.8553549624978195, 0.9181892580995007, 0.8952312182010558, 0.981490288114134, 1.0, 0.9478297799507364, 0.9697320223636012, 0.847293833860998, 0.7589297639642263, 0.9242624424295122, 0.9493995929375266, 0.7671814678681934, 0.9247482967070596, 0.9267858196740635, 0.8826280601976052, 0.8450134022237529, 0.8321697495581198, 0.8324070440036179, 1.0, 0.9750497072608176, 0.7271118649766303, 0.8947004490738705, 0.9245292369745935, 0.9045491030061523, 0.8573321019490993, 0.9762813749114777, 1.0, 0.8058894613232988, 0.9368101644182903, 0.9843520052869345, 0.9831958094303284, 0.8674362042887621, 0.8868212500287972, 0.9513802622498274, 0.950452830598954, 0.8118063109708751, 1.0, 0.8974624763407286, 0.8915743847645182, 0.9764746167744943, 0.9769150602483935, 0.8623063454044861, 0.7809288784995004, 0.8993833317253119, 0.9584663794439178, 0.8013868991149287, 0.9137436789514065, 0.9215599519704537, 0.8911245629938641, 0.7453007537158212, 0.898174212213621, 0.8668919436005832, 0.945534678421465, 0.9227318045862413, 1.0, 1.0, 0.7815224531663065, 0.8349659751722157, 0.8897959801017817, 0.8892192949363844, 0.9698596638980573, 0.8058572888923651, 0.8674977617036794, 0.9325039736979915, 0.9697771300832851, 0.9575105304490612, 1.0, 0.9160846780984082, 0.8126710293451076, 0.7936537076133595, 0.9436458834346665, 0.7618640016369053, 0.8462854473886025, 1.0, 0.9288379054734294, 0.9306285057550651, 1.0, 0.9588034361700927, 0.9525323359825464, 0.9290341768371535, 0.9635605220525155, 0.8877779354746996, 0.908522406011322, 1.0, 0.8830905457385679, 0.785441064405335, 0.8729301256645107, 0.9768814073165215, 0.9193140351888168, 0.8831245637972024, 0.9082333232658281, 0.9588099799306695, 0.811396621631169, 0.8783627584900834, 0.9608093537242647, 0.9112150955415504, 0.9722727272727273, 0.8705476141418087, 0.8556350211145052, 0.9095907460282598, 0.7966247800474887, 0.9094228659205618, 0.8453122433391996, 0.9766767805394414, 0.9778659253715385, 1.0, 0.9417813824593485, 0.8746139500186496, 0.9320032458868188, 0.9464270051588328, 0.9617965518626562, 0.9204135473826421, 0.9128058365001813, 1.0, 0.9756325514773415, 0.9273302657953183, 0.7816629700385246, 0.9613736145651038, 0.9138865472068834, 0.9027017434174107, 1.0, 0.8884372362718106, 0.9266645556543688, 0.9478390066030578, 0.9368566919945366, 0.9654528478057888, 0.963567164369089, 0.9393565047260077, 0.961193717379223, 1.0, 1.0, 0.9467423026611713, 0.864205473216345, 0.9304170029593758, 0.8831205548845978, 0.949650838275192, 0.7601682928631868, 1.0, 0.9644891839794388, 0.8806718248708267, 0.9123246357533531, 0.7272063746823839, 1.0, 0.7407725061020006, 1.0, 0.9169866871479774, 0.886421135257068, 0.7420673107182765, 0.9014961189576428, 0.9228750364748833, 0.7077515885564499, 0.9731647138779737, 0.9424391912159368, 0.8721147445045321, 0.955451525218967, 0.9069975424732718, 0.9372680942510381, 0.9311613876319759, 0.8446990036861898, 0.9800991047387754, 0.8533279201740326, 0.9790380690418989, 0.9398483048340928, 0.9373852315908392, 1.0, 0.9245170697888021, 0.9012205750303713, 1.0, 0.9280462868416794, 0.9762725292137057, 1.0, 0.9579964061096137, 0.9735845749342681, 0.83801726091937, 0.8577412950650891, 0.9285714285714285, 0.918992259748269, 0.9042267333840606, 0.9293204920099761, 0.9084739893509424, 0.9362354892205639],