{"f1": 0.5975604633862744, "precision": 0.6255606464097933, "recall": 0.5915624774863467, "documents_f1": [0.5929071501942477, 0.5769061796401403, 0.6348396743770358, 0.5780787860206946, 0.5789088506918691, 0.6187088557450697, 0.5582043163043501, 0.591742135594889, 0.5988498180997567, 0.6572078462711343, 0.6253778107546134, 0.6992534549855852, 0.5519717746195164, 0.5487835097280064, 0.5125418472191913, 0.5554033728928887, 0.5597642209023544, 0.6683382660046951], "documents_precision": [0.6484531829366069, 0.6240639239464766, 0.6137126623337213, 0.5993468879625948, 0.5803937841127628, 0.7040455387022795, 0.618842755506148, 0.6022672111319788, 0.6652658078113725, 0.6596786751038642, 0.6894811325943392, 0.752768552106569, 0.5810927443485109, 0.5972928593622172, 0.5726570985172129, 0.6092139823488317, 0.5735148194952061, 0.7010134255992334], "documents_recall": [0.5527819374632597, 0.6393795421618101, 0.6756432953527473, 0.5796443202684028, 0.6137257525340357, 0.5747170402145886, 0.5170376268030372, 0.628781871790758, 0.600525019911179, 0.654891978880661, 0.5888768029435605, 0.6698752183945866, 0.5896435961121972, 0.5139194179170729, 0.48012059927317674, 0.5204687226560386, 0.5698646464989924, 0.6508034516675506], "method": "string_matching", "split_length": 2500, "config": "droc_final_512"}