{"f1": 0.7725255509941661, "precision": 0.8502684688015503, "recall": 0.761533598587037, "documents_f1": [0.7472685516633332, 0.6715247259997188, 0.9102566578909134, 0.800386172704965, 0.6866444393965633, 0.7962439089836693, 0.8120337442096704, 0.795688898891481, 0.8111633304705467, 0.8041122374120865, 0.7170356561550898, 0.8683156158837503, 0.7985121992371269, 0.7342734909312162, 0.8641148622678835, 0.7268239243567677, 0.6979914991264909, 0.8249669817611057], "documents_precision": [0.7937271518187439, 0.7412368330406132, 0.987725552985827, 0.8987198985783581, 0.7555997182976643, 0.8565001997683942, 0.9435131961620834, 0.8431454738753311, 0.8971825703413939, 0.9053167247454019, 0.8021128540074272, 0.943336475428611, 0.8775777274826592, 0.8555526044487314, 0.9348821049291902, 0.7989530725385962, 0.8115376716970487, 0.9012799137626469], "documents_recall": [0.763221267992011, 0.6752461692999705, 0.8632675715576812, 0.7741515205050695, 0.7348356966554389, 0.7962100740735177, 0.7781376602687695, 0.7953872229799819, 0.7830737431500245, 0.7886910483874777, 0.7586634975517259, 0.8247778647759224, 0.7662499415291234, 0.7261876009885491, 0.8177640616366784, 0.7217607232974409, 0.7031703615659187, 0.7907692392234645], "method": "string_matching", "split_length": 2000, "config": "droc_final_512"}