{"f1": 0.8319199104044159, "precision": 0.921523168556368, "recall": 0.7669237360839367, "documents_f1": [0.7614477903467133, 0.7268130303731187, 0.8785543836676192, 0.8444262098015076, 0.7706328072278801, 0.8762684900350747, 0.8494323258925075, 0.8692161725575462, 0.8210329401849364, 0.9087443784342665, 0.8622689648103256, 0.8791622204687884, 0.8606971489997148, 0.8463302006317973, 0.8297906031984641, 0.8303121392216886, 0.8098708191396645, 0.8890979254058117], "documents_precision": [0.8432003396402887, 0.8767142651637688, 0.9358191338334992, 0.9092084365744132, 0.8761873495084306, 0.9788713292629548, 0.9524480518081448, 0.9298419123427525, 0.9167566863652038, 0.9699165282872836, 0.9537273546216967, 0.938721262666972, 0.9450749237533967, 0.9748067283738231, 0.9027429521866562, 0.9395688360447664, 0.9174878569061956, 0.9361866868299616], "documents_recall": [0.7014490423940823, 0.6398124697276747, 0.8393461713615991, 0.7957355639225631, 0.6976738420216693, 0.8217883499162539, 0.7873875378810823, 0.8188479757215151, 0.7570708381712657, 0.8658922295089014, 0.8081466188756558, 0.8298266086419425, 0.8014092523197492, 0.7883870293510277, 0.7721097657096149, 0.7532078696644141, 0.7483917783954835, 0.8518853609063859], "method": "overlapping", "split_length": 1500, "config": "droc_final", "embedding_threshold": 95}