{"f1": 0.897592232325216, "precision": 0.9181376084387983, "recall": 0.8780194850977875, "documents_f1": [0.9401705579645664, 0.9320671086275846, 0.9252747252747252, 0.8502739264202276, 0.8712631594531638, 0.8735316734432326, 0.8830365908586444, 0.9081302671530175, 0.9542074600805592, 1.0, 0.9430908415578904, 1.0, 0.911425586943777, 0.8967976737720548, 0.9386279305634746, 0.9480539861895795, 0.9039764395355881, 0.8853953529869748, 0.9622508484528893, 0.9568293155547266, 0.8373614318414759, 0.9854734802785035, 0.8202522445623334, 0.9065776843298948, 0.80507951365615, 0.855121553506371, 0.90457610934846, 0.8262523265031404, 0.9523408671104853, 0.9371712042171355, 1.0, 0.8839938460628116, 0.9000300806751417, 0.8195011108665201, 0.9039023920797321, 0.9326854630469678, 0.8707013166864263, 0.9145027770558395, 0.9665507853207626, 0.8626212894452912, 0.9434578040714791, 0.8560492556767647, 0.9182712652898785, 0.9478417794565104, 0.9297796837687288, 0.8974681326697748, 0.8974280745426024, 0.9219662414664763, 0.8180883117831231, 0.9032961545465265, 0.8709407369532235, 0.910559185583526, 0.8726724113328775, 0.9308857462038267, 0.9181743110699371, 0.9134650242157719, 0.8719199181507683, 0.9576743603585203, 0.8809841127263298, 0.898508108161289, 0.9198626213180733, 0.7867768081231974, 0.8817881011398493, 0.8536796413239722, 1.0, 0.8147128045281505, 0.8148233519287716, 0.8595786068451446, 0.8501766686475017, 1.0, 0.8385049992417005, 0.9135526468689928, 0.921238834185757, 0.9221957356641504, 0.8598115819286215, 0.8622673141785132, 0.889235681575061, 0.9480375494506476, 0.9213745826778226, 0.8694731251278123, 0.8463350593274388, 0.9294670680018179, 0.9340318985161913, 0.8872739218334975, 0.964176245210728, 0.9209363263959247, 0.9024152902325492, 0.9315316531966916, 1.0, 0.9478297799507364, 0.9697320223636012, 0.847293833860998, 0.8359059078770255, 0.8495514390385756, 0.9312946628646287, 0.8054830291722993, 0.9497938064114534, 0.8825797385281083, 0.9447622392827872, 0.8019930208848676, 0.8447208885098082, 0.8463524175933586, 1.0, 0.9867075436640654, 0.8808502021064865, 0.9563217978602593, 0.9108295814081652, 0.8736381052662366, 0.9222394087974578, 0.8907667771369349, 0.9770804923725885, 0.8590061990468837, 0.8644602186848949, 0.9843520052869345, 0.9831958094303284, 0.9272961711366202, 0.8963893249607535, 0.875059224928723, 1.0, 0.8645625112701496, 1.0, 0.9726416187203152, 0.9424470812790204, 1.0, 0.9444395115807197, 0.9438783758278783, 0.9050086307840619, 0.9185485268268768, 0.9382809787951575, 0.8413533872072927, 0.9453309885316, 0.9190426075993484, 0.8498370080219986, 0.8262527122442932, 0.9310560560560561, 0.918442144269397, 0.945534678421465, 0.8600929194195553, 1.0, 0.9822146856011642, 0.8170040484778963, 0.8918274012653411, 0.887364656613132, 0.8632423160676841, 0.9657867150179098, 0.848739032233807, 0.9073125394534375, 0.9489253457792373, 0.9445288390494274, 0.8964416300654001, 0.9502937799689336, 0.9160846780984082, 0.8990359854800408, 0.7880473738346767, 0.9436458834346665, 0.7719606247354912, 0.8729440949688144, 0.8851789949829166, 0.9617398957063452, 0.9306285057550651, 0.9561872909698996, 0.9031382740583682, 0.9525323359825464, 0.9210896580308345, 0.83819469860624, 0.9142840157012656, 0.9541715060007743, 1.0, 0.8192048684634158, 0.8235472990630291, 0.8455294077874269, 0.8914064892797291, 0.9382813936471779, 0.9045265611152472, 0.8766958761753235, 0.8846182981365193, 0.8400134636575135, 0.9153413802564523, 0.932605400909798, 1.0, 0.936372269705603, 0.8663655538642264, 0.9105512878843768, 0.8477235441970793, 0.8895637108852626, 0.8483288837190835, 0.9013061229388767, 0.9561613216715258, 0.9778659253715385, 1.0, 0.9566168385390353, 0.9478320636715211, 0.9151840477427214, 0.8895930386540454, 0.9295149103439259, 0.9279976656429744, 0.9212702393600606, 1.0, 0.9756325514773415, 0.961287678667523, 0.7874409084484584, 0.9409618731213415, 0.8727797207622295, 0.9311212353291175, 1.0, 0.8723599243036363, 0.9099969053761416, 0.9154361741860105, 0.9171149483562334, 0.9341921631776704, 0.963567164369089, 0.887584917128332, 0.8546779832076354, 1.0, 1.0, 0.9001346030667898, 0.9058620351115114, 0.9438609135010306, 0.8839590259124748, 0.9776879909878877, 0.9064173317932167, 0.9177188552188552, 0.9644891839794388, 0.9059584639304612, 0.8941181194041206, 0.8869939952853553, 0.9522722096354634, 0.8214339442082492, 1.0, 0.8934821318020755, 0.8134529237624651, 0.8340343103835196, 0.8959332854354414, 0.9021654533363536, 0.8201944867447662, 0.9873533115672443, 0.9547797671528272, 0.8598795297062997, 0.9132165373776111, 0.8690014895516907, 0.8868128565290849, 0.7914439958002578, 0.8740419414378046, 0.9800991047387754, 0.8533279201740326, 0.9790380690418989, 0.9258312783612812, 0.9373852315908392, 1.0, 0.9245445696008899, 0.8119191727699945, 0.9662215320910974, 0.9527517285419774, 0.9762725292137057, 1.0, 0.9022765259359727, 0.9735845749342681, 0.884197311143426, 0.8982249620837756, 0.949516575143274, 0.9676259003581437, 0.9306900579954013, 0.9888683797974848, 0.9512936322069812, 0.8785674388741653],