{"f1": 0.8178702596847237, "precision": 0.9106403088737945, "recall": 0.7599792738078756, "documents_f1": [0.7909221654771842, 0.7611104036685797, 0.8890829991939689, 0.8344447483273972, 0.767823177074422, 0.7643327306006434, 0.86412930704398, 0.8054402505737802, 0.8065740064305348, 0.9259259259259259, 0.7777141056197007, 0.8916013833589425, 0.8293968220352879, 0.7850056033116246, 0.8920280355018245, 0.8064211718597635, 0.7883966100600454, 0.911695170962196], "documents_precision": [0.8607132995364005, 0.8710334133599428, 0.9778235011176187, 0.9432598105740352, 0.8617930044922013, 0.8615909264689128, 0.9726521392852946, 0.8522348174058019, 0.9489894271523603, 1.0, 0.9164684432722181, 0.9665419362547834, 0.8972531942541421, 0.9083328890618468, 0.9672129811437745, 0.8829933360636754, 0.9176535795442592, 0.9692622897799154], "documents_recall": [0.7371154924607511, 0.689859167304113, 0.8404498361582465, 0.7712047652820305, 0.704011751519781, 0.7265032090568472, 0.8106267981131587, 0.7829658617772166, 0.7283368854530806, 0.8787878787878788, 0.6983717963876298, 0.8376502594239644, 0.7908198472835415, 0.7272784208077391, 0.8355866615909026, 0.7524785976154723, 0.731988240892791, 0.8705129669744389], "method": "embedding", "split_length": 2500, "config": "droc_final_512"}