{"f1": 0.5399862538987262, "precision": 0.5965780256928629, "recall": 0.4973807499249043, "documents_f1": [0.4918653237491915, 0.5105213197326489, 0.5708852155510361, 0.5098639738526333, 0.5651877369794622, 0.5621562688643417, 0.5463585032864657, 0.5503690549130172, 0.5145415460103041, 0.6239749639713271, 0.5244651134981512, 0.5707964495927498, 0.582341148709332, 0.5289478007708489, 0.456504067063118, 0.49531186196477256, 0.5178239180631191, 0.6185036432470699], "documents_precision": [0.5694764556608626, 0.586604166421562, 0.5928894299940893, 0.5457353973891245, 0.6047962060713507, 0.6394779549961981, 0.606540667579978, 0.581097496750378, 0.6040112502400544, 0.6561114954121108, 0.6219045831453399, 0.6323779611931902, 0.6447587869880129, 0.5771510425447383, 0.5496342985784968, 0.5563389440048216, 0.5561726181440985, 0.6632657136178656], "documents_recall": [0.45158605824930426, 0.4638626031770381, 0.5570007943497431, 0.48037475274231634, 0.5357832942344068, 0.5125875632014557, 0.503122368909966, 0.5247159126752369, 0.4648471469867382, 0.598924453481665, 0.46860203840717163, 0.524385782542763, 0.5315750674522942, 0.49193558745284777, 0.41096599058762906, 0.4492295606778704, 0.4862584267752326, 0.5827502914213142], "method": "overlapping", "split_length": 1500, "config": "droc_final", "embedding_threshold": 95}