{"f1": 0.9127299554852294, "precision": 0.9265986437364887, "recall": 0.8998224095222328, "documents_f1": [0.9397524669897573, 0.9567597153804049, 0.9252747252747252, 0.8785985237965838, 0.9186337818010145, 0.8426477805111995, 0.9488709429490543, 0.9383590042555223, 0.9265883884984353, 0.9073235497046115, 0.9430908415578904, 1.0, 0.9426297559814935, 0.8907576626944321, 0.8926206509539844, 1.0, 0.9790852889476577, 0.9294674053038613, 0.9622508484528893, 0.9149051450398721, 0.8766401751854663, 1.0, 0.9080553409043378, 0.8879941466585247, 0.880387214975547, 0.9395780091428799, 0.9534940367235616, 0.9687013356067066, 0.9224089143392941, 0.9371712042171355, 1.0, 0.9124501852706568, 0.9509347817845355, 0.82243346919502, 0.8873465395418085, 0.9568429357035653, 0.9055623819115342, 0.9401912546989445, 0.9773986373507713, 0.9350923926856001, 0.9802867383512545, 0.8422195792772547, 0.9330600926222465, 1.0, 0.9297796837687288, 0.9122483224495381, 0.874388805217063, 0.9689742134046667, 0.874241023351507, 0.9224884086096156, 0.9531925237036392, 0.8830329849214072, 0.8630360035521237, 0.9272818585189099, 0.9320747163187445, 0.9345291409498064, 0.9005815241255218, 0.9576743603585203, 0.8768401838110549, 0.8703668833743236, 0.9461451965396989, 0.8447195521215827, 0.9500349948975956, 0.7416695491713011, 1.0, 0.8652111010545546, 0.8347903855561257, 0.8864669287238595, 0.9874870880513691, 1.0, 0.9033687206020912, 0.9135526468689928, 1.0, 0.9044791264618851, 0.8598115819286215, 0.8614360333826232, 0.8883157967953893, 0.9857632201439964, 0.9211989180072638, 0.8495950561325376, 0.8425667279590895, 0.9294670680018179, 0.9551379586854014, 0.9483692687734017, 0.9267770876466529, 0.9608301397111484, 0.9277525162428716, 0.9505842876982881, 1.0, 0.9114192460156351, 0.9697320223636012, 0.9162781662781662, 0.846438626796106, 0.8515379701244549, 0.9312946628646287, 0.8872778724967306, 0.9451450808161407, 1.0, 0.9447622392827872, 0.8875779790907661, 0.8330813544120899, 0.8463524175933586, 1.0, 0.9615851176826787, 0.8622334427595336, 0.9522869605164281, 0.8759960686329085, 0.9703152088258471, 0.9482683331402022, 0.915743501701756, 1.0, 0.8545839012282416, 0.9733609675973832, 0.9843520052869345, 0.9831958094303284, 0.8955854221233821, 0.8963893249607535, 0.9417896896885923, 1.0, 0.8520500261422992, 1.0, 0.9369750646972542, 0.9648857625530319, 0.9490130281766015, 0.9444395115807197, 0.9438783758278783, 0.880028407925816, 0.8763582372297086, 0.973978976873234, 0.8670387855833966, 0.9453309885316, 0.9034238965862516, 0.8311304345568304, 0.8723441635088113, 0.9309983896940418, 0.9394500486396083, 0.945534678421465, 0.9227318045862413, 1.0, 0.9822146856011642, 0.864175638036429, 0.9449728922203998, 0.9145310130300116, 0.8632423160676841, 0.9657867150179098, 0.8257054933420039, 0.9358514177684566, 0.9282862321074425, 0.9861405647903773, 0.9016257129714402, 1.0, 0.9160846780984082, 0.8707991750257033, 0.8647871980035055, 0.9436458834346665, 0.9022355684746889, 0.8734154584849455, 0.8851789949829166, 0.9317124252460793, 0.935295123849809, 1.0, 0.9491659803477148, 0.9525323359825464, 0.9577758649410196, 0.8777224410161869, 1.0, 0.9541715060007743, 1.0, 0.8627608752521033, 0.8712066303905394, 0.8949602203535535, 0.9473487317807842, 0.9836165298653307, 0.9669255542436548, 0.9534323204956997, 0.9420056564481761, 0.8842498641160912, 0.9863741052819984, 0.910836365975389, 1.0, 0.9722727272727273, 0.9062838025398219, 0.8948417726985642, 0.848297517353418, 0.8720883427872925, 0.9440058479532164, 0.9624007011256163, 0.9766767805394414, 0.9778659253715385, 1.0, 0.9263676814238613, 0.9086634729735655, 0.9594533234413501, 0.9344780378335136, 0.9295149103439259, 0.953540004258104, 0.9023060842598786, 1.0, 1.0, 0.9167677559919291, 0.7993560376015262, 0.9043188148114147, 0.8700512951004983, 0.8449095995576598, 1.0, 0.9336289182407441, 0.9592059108937757, 0.8939452973429223, 0.8986845798962318, 0.9654528478057888, 0.9255581020286902, 0.9506875350203687, 0.98779381224369, 1.0, 1.0, 0.9464533144386711, 0.906751296191742, 0.9438609135010306, 0.8761823328373106, 0.968323736141573, 0.8934272229534007, 0.9177188552188552, 0.9644891839794388, 0.8865363860470642, 0.857561586388511, 0.8869939952853553, 0.9522722096354634, 0.8854829933337899, 1.0, 0.9113651024028382, 0.8808716642077385, 0.8793188971859681, 0.9149949397910991, 0.8831822329671372, 0.9040857440294313, 1.0, 0.9691098210847641, 0.8874029733372911, 0.9550403473884345, 0.9666220719227008, 0.8369928209001675, 0.8790066804772687, 0.8769762189436242, 1.0, 0.874340948672904, 0.9790380690418989, 0.9253979860357432, 0.9702798036131369, 1.0, 0.9244339525467998, 0.8525518475993463, 0.9236812570145904, 0.9505511351193517, 0.9762725292137057, 1.0, 1.0, 1.0, 0.926951935493066, 0.9358024803699726, 0.9129403654492108, 0.9676259003581437, 0.966637301087724, 0.95203017837982, 0.9697320223636012, 0.9006032208687214],