{"f1": 0.92735945948473, "precision": 0.9537650776560328, "recall": 0.9037035886377723, "documents_f1": [0.9401705579645664, 1.0, 1.0, 0.8898070455440825, 0.888911629581119, 0.902816683211657, 0.9204716483488132, 0.9383590042555223, 0.9542074600805592, 1.0, 0.9228056811370083, 0.9725681192485104, 0.8785775609568498, 0.910235605347688, 1.0, 1.0, 0.9790852889476577, 0.8875447212385982, 1.0, 0.9149051450398721, 0.9479108804574609, 0.9461815373401894, 0.8942225395044096, 0.9419102060352889, 0.8321081319275893, 0.9325783095749829, 0.9184398019065575, 0.9103344707327468, 0.9523408671104853, 0.9371712042171355, 0.9593997327577347, 0.9055752192582788, 0.9593379460046126, 0.8651490757052437, 0.8882143781534602, 0.9326854630469678, 0.9181547045747357, 0.9461834026539909, 0.9773986373507713, 0.9366092991329836, 0.9303987292785664, 0.8723781125088163, 0.9182712652898785, 0.9297796837687288, 0.8879624839359371, 0.8525936989178367, 0.9529606076371833, 0.8473898351961147, 0.9224884086096156, 0.8891557232524961, 0.9282075144841563, 0.8805425865060057, 0.9308857462038267, 0.9320747163187445, 0.9134650242157719, 0.8689478999703, 0.8104841899101934, 0.9481387733233476, 0.9198626213180733, 0.8916390728476822, 0.9088798522239498, 0.9349872569218101, 1.0, 0.9003440652567797, 0.8347903855561257, 0.9065227114007602, 0.9874870880513691, 1.0, 0.8867341673878378, 0.9135526468689928, 0.9804475346071272, 0.9660317460317459, 0.8964015441695583, 0.9254300590505194, 0.8698270220026071, 0.9480375494506476, 0.973981793783774, 0.8953841282445719, 0.886232748626656, 0.9626811594202899, 0.9340318985161913, 0.9483692687734017, 0.964176245210728, 0.9209363263959247, 0.9573138509534269, 0.981490288114134, 0.9478297799507364, 0.9697320223636012, 0.9162781662781662, 0.9356177060372707, 0.9242624424295122, 0.9493995929375266, 0.8293884783808846, 0.9497938064114534, 0.8936854968817093, 0.9447622392827872, 0.8693191436557827, 0.9219051260452101, 0.8826078640356759, 1.0, 0.9867075436640654, 0.856649492475131, 0.9522869605164281, 0.9108295814081652, 0.9505707949279047, 0.9053107404325758, 0.915743501701756, 0.9770804923725885, 0.9033961696064353, 0.964694205330879, 0.9843520052869345, 0.9831958094303284, 0.9001479006326861, 0.8963893249607535, 0.9156068885577082, 1.0, 0.9068711751668467, 1.0, 0.9726416187203152, 0.9648857625530319, 0.9490130281766015, 0.9769150602483935, 0.9438783758278783, 0.974476452518627, 0.9281348069157994, 0.9463079917253056, 0.8874653191317162, 0.9421331105541632, 0.9156304061031174, 0.9263734068480561, 0.88294676952352, 1.0, 0.918442144269397, 0.945534678421465, 0.9227318045862413, 1.0, 0.9822146856011642, 0.8941672385939269, 0.8911784769296242, 0.8612529995334751, 0.8988822545417591, 0.9657867150179098, 0.8334063043030735, 0.9358514177684566, 0.9261740266527306, 0.9554746193520014, 0.9188951758246363, 1.0, 0.9160846780984082, 0.9490835803704689, 0.8692753849194802, 0.9436458834346665, 0.8664533125904873, 0.9308801683718247, 0.938351228506669, 0.9896880073887249, 0.9306285057550651, 1.0, 0.9491659803477148, 0.9525323359825464, 0.9853555734911668, 0.9285698809136895, 0.9806959212489167, 0.9541715060007743, 1.0, 0.8823704991889466, 0.9361171595482108, 0.9199011315880427, 0.9473487317807842, 0.9514573257024276, 0.932820609376686, 0.9235487045829425, 0.9420056564481761, 0.8985773844716606, 0.9436863123243914, 0.9560687592883786, 1.0, 0.9010355400374722, 0.921720373602032, 0.9567579128453652, 0.8455291296003692, 0.944041177320269, 0.9094228659205618, 0.9404871346434884, 0.9778659253715385, 1.0, 0.9688215007100457, 0.8892089392089392, 0.9274713756470332, 0.9344780378335136, 0.9295149103439259, 0.936281152403271, 0.959139730777205, 1.0, 0.9756325514773415, 0.948100504337762, 0.8759920400948978, 0.9409618731213415, 0.8809930960649552, 0.9523093679844252, 1.0, 0.9050740455401473, 0.9592059108937757, 0.9154361741860105, 0.9171149483562334, 1.0, 0.963567164369089, 0.9148436587824306, 0.8990613682681272, 0.9577759436228388, 1.0, 0.9811853365955382, 0.8981802261262531, 0.9793874306315065, 0.9124080271450392, 0.9776879909878877, 0.9262992304482566, 0.9599248296922717, 0.9644891839794388, 0.9290419752590559, 0.908399484915485, 0.8869939952853553, 1.0, 0.9001328335909694, 1.0, 0.9113651024028382, 0.879560579788833, 0.959678501141345, 0.8711547115437971, 0.8607618411254393, 0.9127630837679002, 0.9873533115672443, 0.9662513604109529, 0.9177993729597492, 0.9571437752773915, 0.9666220719227008, 0.8277240737996095, 0.8462585034013607, 0.861650599325821, 0.9800991047387754, 0.8533279201740326, 0.911556383203085, 0.9702798036131369, 1.0, 0.9245445696008899, 0.9258209626630679, 0.9662215320910974, 0.9280462868416794, 0.9762725292137057, 1.0, 1.0, 0.9735845749342681, 0.9837754467742812, 0.8982249620837756, 0.9864149208185905, 0.957199903904392, 0.9368284025519139, 0.9639082711062145, 0.9512936322069812, 0.8950877145621021],