{"f1": 0.5673204398131207, "precision": 0.6358969707097816, "recall": 0.5196686635094366, "documents_f1": [0.5323600730302235, 0.5300472444936152, 0.6175672716148384, 0.5175984801483725, 0.517412614055382, 0.5756530198670525, 0.5741944029258165, 0.6088398001054898, 0.5418522807439189, 0.6470385498793544, 0.5650378700604682, 0.6523531350704573, 0.5751564562433716, 0.5456778176325815, 0.5009996809743318, 0.5692404267876775, 0.5631273060299792, 0.6516506078483216], "documents_precision": [0.6283044442027648, 0.6200408325043817, 0.6581145702135837, 0.5860801904118458, 0.628206298768581, 0.6416792241295489, 0.624842744951348, 0.6525842382611703, 0.6415415356570432, 0.6572035545676655, 0.6788359231903068, 0.7127056847409943, 0.6226284989874576, 0.6220830940407847, 0.5700253154928941, 0.6444725104536858, 0.6026256987927026, 0.7055383761225834], "documents_recall": [0.4934896425829199, 0.48024488566907225, 0.5885874705541196, 0.4789720763771402, 0.4701561908601042, 0.5337306027688348, 0.5353670957112285, 0.573801085613678, 0.4824517336424912, 0.6413969445660682, 0.4989544895827487, 0.6055985206001067, 0.5384149653880784, 0.4921499631527566, 0.4721022868472227, 0.5122399839218867, 0.5316118343670719, 0.611766088922329], "method": "embedding", "split_length": 512, "config": "droc_final_512", "embedding_threshold": 90}