{"f1": 0.7414894261773162, "precision": 0.81501954192037, "recall": 0.74409670476769, "documents_f1": [0.7365006525184588, 0.6613969086196346, 0.8155980699142935, 0.8029661144051362, 0.6261837873407413, 0.7967823713527383, 0.7667849714713753, 0.7607337303047331, 0.8116010090189937, 0.8041122374120865, 0.6611822687313786, 0.7473759060092972, 0.7474141969519255, 0.7033752626526821, 0.8009347283740773, 0.7293014559391091, 0.7069831916176263, 0.7958574997296886], "documents_precision": [0.7845839766813372, 0.7078039537085977, 0.9137327584355736, 0.9025776850857133, 0.6889941642906705, 0.8906504379138961, 0.8695309955517562, 0.801279503997426, 0.8995613776715925, 0.9053167247454019, 0.7613753185632536, 0.7858691908837838, 0.8407175525195637, 0.8305234892124759, 0.886442229381195, 0.8098192801551148, 0.7832411345076764, 0.8511381685724362], "documents_recall": [0.7606014048841141, 0.7076263312862071, 0.7710176336078177, 0.7842912356406164, 0.7189954757722243, 0.7858096147046543, 0.7481928417029167, 0.7937299466648012, 0.781494553526584, 0.7886910483874777, 0.7253056073551671, 0.7569449729852621, 0.7206003984788527, 0.6980020216359003, 0.7401189584478997, 0.7180605872730275, 0.7051287126309846, 0.7890060839059677], "method": "string_matching", "split_length": 1500, "config": "droc_final_512"}