{"f1": 0.6897296710181163, "precision": 0.7362954207494807, "recall": 0.6489364128005376, "documents_f1": [0.6599303422951732, 0.7970632471571165, 0.7420932497743148, 0.6667563852188415, 0.7312110783121, 0.6570593991527104, 0.6456053285788721, 0.5427885285832708, 0.5612140356197455, 0.7091910223843451, 0.7632149216494035, 0.7131662253472032, 0.7207070335983606, 0.5865244093644186, 0.665373873650765, 0.770079157436503, 0.7515364829091364, 0.7277583412102531, 0.570233097644076, 0.7800433064450057, 0.5936653287130708, 0.7472005946640277, 0.6066580265372404, 0.6921262639527157, 0.6783027977311953, 0.6733798223036075, 0.7764594274094302, 0.781400175635539, 0.7892965284697245, 0.6631925119187795, 0.5470067952216094, 0.7259330494085194, 0.7047194732122238, 0.48799626611102603, 0.6944173750612417, 0.6985477982578816, 0.7492448588079847, 0.6372990248379721, 0.7161819512755533, 0.5742842550558281, 0.7857829063564293, 0.741849104622989, 0.7366476470432595, 0.595362423000933, 0.6296169218543074, 0.4852808116953596, 0.5801752584856259, 0.7624720137142217, 0.5311945704844511, 0.578436762117181, 0.7113479809094064, 0.6489369124008048, 0.6624614418234702, 0.7260490608032514, 0.6441173389728186, 0.7538073437367383, 0.6974583386510372, 0.8748741930302067, 0.6559781803916933, 0.7802444481593209, 0.665219005288372, 0.6459319541538443, 0.7487653652911282, 0.603457107435908, 0.7500938778319192, 0.5112415849749367, 0.6501629178635779, 0.612826699903807, 0.7820947419070801, 0.623429355281207, 0.60287031822288, 0.7288868102751928, 0.7365829042247288, 0.6527270734575961, 0.5577496883883007, 0.714221889323376, 0.6606614009442399, 0.5701551853195524, 0.7632760457166334, 0.5135685530619895, 0.6236348939529003, 0.5093238964425405, 0.7998388543441499, 0.7503454762102022, 0.6923757045400839, 0.6833448669390721, 0.6724302726861758, 0.6661652177108955, 0.8700479578007515, 0.6502505390402028, 0.8687605069184016, 0.5115902615902616, 0.5897582327686893, 0.74189016357622, 0.7590521730416239, 0.6912078697964166, 0.658735462188735, 0.7482361114830743, 0.7190786832403315, 0.6861640582419968, 0.5388308550145112, 0.5718980127412806, 0.8611805290883865, 0.7815292201285223, 0.6592797915283751, 0.8186320599987673, 0.7601317211248316, 0.5799090642235344, 0.7686981788724316, 0.6004997140786036, 0.6859451413927792, 0.6125006134109179, 0.8024997193898971, 0.7123081911598862, 0.6926371881313186, 0.5701117736151396, 0.8934580930930244, 0.6430293170309916, 0.7242322746909903, 0.5856194363798969, 0.7488872092046694, 0.6796841128561565, 0.7030984934118424, 0.8011432391444281, 0.7951777779465523, 0.5838139601441591, 0.7377841466623386, 0.6059591789922637, 0.660648405334369, 0.7641974694276784, 0.45360523398884056, 0.6977801107005952, 0.6144892437563015, 0.6094412569500215, 0.6492981927324933, 0.7184687414070724, 0.7226481016272301, 0.4758937379817741, 0.60484648034341, 0.7316660793378547, 0.7543877820817516, 0.5923567516701921, 0.5443692951096187, 0.6992584709014621, 0.8430122413376894, 0.5616207414078306, 0.6668487068469457, 0.616255886388342, 0.56429635263445, 0.8642988577766255, 0.8763388899043824, 0.739359248310655, 0.6273414362111108, 0.6558714551733494, 0.7547098522831658, 0.55706653404326, 0.5556346629248122, 0.5343084536932892, 0.7588644535075048, 0.6765171927382451, 0.581841226112409, 0.8307298103922349, 0.6201469087074003, 0.8041695010243521, 0.6958763073113193, 0.7626224843720305, 0.5409766714401268, 0.7693220079583716, 0.7651200098115908, 0.6694796128721726, 0.8092267863425163, 0.6464298694661911, 0.6668897757240542, 0.7435595113371667, 0.7263818170014927, 0.7900332645403667, 0.6300918853625715, 0.70292975300915, 0.8128378045787947, 0.6747474747474748, 0.6837640620249316, 0.6104931194464318, 0.7046670430188892, 0.6391146589162896, 0.7515505086823803, 0.60876390268804, 0.6990964052205572, 0.7591478154064338, 0.8363818090954522, 0.9066700921539631, 0.9309088671907212, 0.5992179012459015, 0.797754573884259, 0.7041212437471529, 0.7755746563324255, 0.8031376060776311, 0.7501084740825036, 0.8535932164349903, 0.804633225050304, 0.6835171358451815, 0.7600501450079099, 0.6712744040734648, 0.7435129651949371, 0.6300839284275815, 0.7095854523038989, 0.672684775646609, 0.690626683177891, 0.5859023220297899, 0.7061577671777665, 0.7013247929043699, 0.7647410100444515, 0.6438659352637259, 0.6784414199243534, 0.805456873525476, 0.62024918345524, 0.6448322614895164, 0.7039126080212768, 0.7200759820939672, 0.6168402725305522, 0.766968906514481, 0.5851137406542035, 0.9126394912550628, 0.6900368978587718, 0.7343687113021212, 0.6713102250810108, 0.7444662579081984, 0.7709151834339241, 0.6863221541465615, 0.9257974939422922, 0.7956662764608331, 0.6385954512913655, 0.5974195397843527, 0.7017645249979396, 0.7127347090895014, 0.6826141641381015, 0.693633247657843, 0.8073941591490928, 0.6229536574225641, 0.6579179450000882, 0.6430889062299462, 0.4113800691021745, 0.7484977593690175, 0.667691819474857, 0.8243386243386244, 0.6557392160310426, 0.7951163054856822, 0.6860621943198754, 0.6553772773477208, 0.8560162948537, 0.5818746836230667, 0.6328948553428977, 0.7876823783944528, 0.6931649765260097, 0.7225951247740552, 0.8510399562123702, 0.5921446432800453, 0.5464917286405027, 0.7820903029307119, 0.533870304771845, 0.7472791163405391, 0.6783637596921221, 0.8736039818620241, 0.772098986379111, 0.6498593482771015, 0.6012260261502737],