{"f1": 0.7205468081247487, "precision": 0.7966567380732363, "recall": 0.6671527837750534, "documents_f1": [0.6643918866940984, 0.6970915092300243, 0.8669710562642076, 0.7341787645761376, 0.6731948188139127, 0.6978568276445741, 0.7967808932654018, 0.7352098669600357, 0.6926459642124864, 0.8584055256791082, 0.6641337786458725, 0.7845027811934555, 0.7246099108354547, 0.748381636641925, 0.670291612505629, 0.691207102813506, 0.6720265176558691, 0.7312048593693709], "documents_precision": [0.733163444023537, 0.7940146964753243, 0.9377017800907246, 0.8140194677762672, 0.7585414726013, 0.7691915974056794, 0.8839030889999163, 0.7827621263955274, 0.8233497393660478, 0.9195370985108823, 0.7757000441869973, 0.8637969211778445, 0.7747726979701232, 0.8501583101127741, 0.7286334142869447, 0.7507725346794761, 0.7386015223988122, 0.7841435713642412], "documents_recall": [0.6178886375730439, 0.6336854419188753, 0.8123596311883451, 0.6772828473166611, 0.615500568913348, 0.6702614324408455, 0.7447718608043884, 0.7005897067636725, 0.6141102874039371, 0.8089195236113579, 0.5943668025017239, 0.7314649781998207, 0.700377180045526, 0.693903631715241, 0.627006959376633, 0.6458817917244194, 0.6423863987039907, 0.6878521014264555], "method": "embedding", "split_length": 500, "config": "droc_final_512", "embedding_threshold": 80}