{"f1": 0.6035511156416853, "precision": 0.6497005077658858, "recall": 0.5702373226420897, "documents_f1": [0.596672179358348, 0.5824567703230986, 0.6603360345847548, 0.5907851565259931, 0.6069570192458255, 0.6022134143714802, 0.5735289913248328, 0.6039333681525675, 0.6062196599326424, 0.6753082404587453, 0.6166980269826641, 0.6997341978236543, 0.5974566495249898, 0.5351568486957281, 0.5104484260622094, 0.5703518527900101, 0.5922872443544419, 0.6683382660046951], "documents_precision": [0.6621117218761184, 0.6601108649882769, 0.6656796963634536, 0.6200734075890221, 0.6487268321594859, 0.6870041449286121, 0.633862997497562, 0.6192994030530569, 0.6768340848363218, 0.6840719363874048, 0.685382076317202, 0.7519077378625264, 0.6458826039427209, 0.5818657527135919, 0.566509812336227, 0.6319827302576889, 0.6163055161797949, 0.7010134255992334], "documents_recall": [0.5508879387573772, 0.5364849225534937, 0.6563556721405631, 0.5686975650873118, 0.5741182446539946, 0.5627334800873349, 0.5315889879546077, 0.5988395371257272, 0.5833651266811523, 0.667184964018439, 0.5712060306121284, 0.6619872144997571, 0.569846344864665, 0.5016212184064721, 0.47899784943365614, 0.5242079740359502, 0.5884253653483128, 0.6508034516675506], "method": "embedding", "split_length": 2500, "config": "droc_final_512"}