{"f1": 0.7112819957709888, "precision": 0.7882963161813636, "recall": 0.6600953191690814, "documents_f1": [0.6460311366376872, 0.6856122372694774, 0.8450794362730744, 0.7259219922545418, 0.6758134493825069, 0.6883670934516665, 0.8000139337744238, 0.7057400423047939, 0.6872444961093538, 0.8584055256791082, 0.6576585797132157, 0.7810689608357922, 0.70773302790911, 0.7432128403831829, 0.6597482730868119, 0.6654461925537531, 0.6762125995891745, 0.738728907131856], "documents_precision": [0.7143594544465356, 0.7869162227012372, 0.9223263353619303, 0.8086282200964708, 0.7613231187906421, 0.7593836265892699, 0.8907391261609116, 0.7512744707868713, 0.8171857292984152, 0.9195370985108823, 0.7722234349542703, 0.8650258118549486, 0.760783513268834, 0.8393755156750179, 0.7134488215051199, 0.722583926494511, 0.7384480564894865, 0.7946734342430387], "documents_recall": [0.5976249808340389, 0.6211546811411695, 0.7887906076193216, 0.6714317035548661, 0.6185959353277258, 0.6650893532090317, 0.7506359869970628, 0.6790716350689031, 0.6101855722723255, 0.8089195236113579, 0.5885100168205484, 0.7274967242315667, 0.6881560916918242, 0.6937272648722076, 0.6192105415750615, 0.6261947232670452, 0.6475543573603215, 0.6942181488832325], "method": "embedding", "split_length": 500, "config": "droc_final_512", "embedding_threshold": 75}