{"f1": 0.8568327847267388, "precision": 0.8780177758529487, "recall": 0.8372020230868928, "documents_f1": [0.812551052641191, 0.8201069956915092, 0.860225100118834, 0.8644818555244792, 0.8119429157301566, 0.8844288543756257, 0.8780073236804543, 0.8730077209496964, 0.8669891881252481, 0.9035204370220118, 0.8597354852888026, 0.8857346654987639, 0.8627746137822623, 0.8718615228647927, 0.863192175987661, 0.8605084548255801, 0.8029567604458508, 0.9077267424436987], "documents_precision": [0.8347783175062333, 0.8540368742239698, 0.8751743793938532, 0.8761213815078644, 0.8538806979586752, 0.9042960439062587, 0.9130208889804182, 0.8852517975715215, 0.8665472644855603, 0.9518989621519438, 0.8830185717101594, 0.8995823930358334, 0.8664365568945257, 0.8875929624235311, 0.8833399651068273, 0.8680074516130976, 0.8625520571529585, 0.928118027758468], "documents_recall": [0.7930895342460694, 0.7907451189323721, 0.8466695224451054, 0.8535861865101294, 0.7791485767005989, 0.8693992613048577, 0.852756791561824, 0.8612120977780281, 0.8687023526251029, 0.8675233129695797, 0.8411160267475658, 0.8739218378494096, 0.8592386083805948, 0.8650593122734863, 0.8442574839870357, 0.8532525845784463, 0.7549817463861785, 0.8906177617687648], "method": "overlapping", "split_length": 1500, "config": "droc_final", "embedding_threshold": 95}