{"f1": 0.7357053714890093, "precision": 0.8314531592311413, "recall": 0.6802136161821997, "documents_f1": [0.6416891583203808, 0.6219782863242355, 0.7862943696585928, 0.7651865716676479, 0.6676496699790944, 0.74310722042815, 0.7473880648516747, 0.760237283529555, 0.7465766729347258, 0.869496213142911, 0.8029068870446645, 0.7951871465468973, 0.7395566165575617, 0.827579955600525, 0.7344049209245216, 0.7192736975389661, 0.688641760158224, 0.9054410783636051], "documents_precision": [0.7292878883216751, 0.741184715821832, 0.8175424849920291, 0.8621255277626488, 0.7742613976522046, 0.8434577519425644, 0.851486633050977, 0.8216338599782276, 0.8842684833515141, 0.9486935299903623, 0.9364588622688603, 0.8836838588888658, 0.8312311247623843, 0.9527820058895258, 0.7942467029804039, 0.7933081926814126, 0.8020183795305517, 0.9834571349294198], "documents_recall": [0.5851614942197669, 0.5570367635773175, 0.7814718879648647, 0.7020142305859282, 0.6017759522139448, 0.7136503146309671, 0.7007031443591352, 0.7528583677693358, 0.6889103106546592, 0.8218659302364095, 0.7237202631353293, 0.7351773925539339, 0.6901566573817766, 0.7873403357638122, 0.6881929434648613, 0.6824921676761583, 0.6233602624739084, 0.8604317121218473], "method": "neural", "split_length": 1500, "config": "droc_final_inc_512"}