{"f1": 0.7023299093170343, "precision": 0.8182434200000163, "recall": 0.6370270301041122, "documents_f1": [0.6323460975449229, 0.628782880492674, 0.8242475271898182, 0.6689352965827978, 0.6303502733755891, 0.7274316640024763, 0.7650842022542945, 0.7447038093357067, 0.6614855412220576, 0.803454207213201, 0.6203388492673247, 0.7957934277072916, 0.7794058498330894, 0.749387854996693, 0.6458251314712123, 0.6803754912858323, 0.6990270103427956, 0.6704583136414586], "documents_precision": [0.7520544605682641, 0.7916786113796547, 0.8832524901717793, 0.811622664608484, 0.7826751711563918, 0.8372569165399298, 0.8859715478179943, 0.8592199032209907, 0.8198730080080336, 0.8801687931834504, 0.7844946402053076, 0.8974397292543204, 0.8509070896337282, 0.8745691153602815, 0.7870332438721391, 0.7852171034282004, 0.7951364728698129, 0.7947153399845571], "documents_recall": [0.5992895757172453, 0.5761972766230071, 0.7770506975571453, 0.6064448058286893, 0.5720423682321227, 0.654024257127094, 0.6853076952460094, 0.6826336480178838, 0.5800125967351002, 0.7476795342225923, 0.5485376452304781, 0.7299806131257139, 0.7230231201589029, 0.6662569242524341, 0.6097977723778242, 0.6176242726126424, 0.6330909637597603, 0.6177513268030052], "method": "embedding", "split_length": 500, "config": "droc_final_512", "embedding_threshold": 95}