{"f1": 0.5862202171714359, "precision": 0.6337100779255069, "recall": 0.5520360424660943, "documents_f1": [0.592946537912158, 0.5512626002330369, 0.6089070435391322, 0.5777132518500244, 0.5724711552147991, 0.5653332776514961, 0.6122877912774453, 0.5924310631824775, 0.6198928123703675, 0.6511750605441106, 0.5592839722598275, 0.6500975774681695, 0.5810836892032906, 0.5471146411996098, 0.49899322638605453, 0.5765604622424739, 0.5802087567352815, 0.6412665269887246], "documents_precision": [0.6602696862393895, 0.6179945426072857, 0.658019194614854, 0.6008451731733765, 0.606510406812995, 0.6273267266291035, 0.6483250604348987, 0.6116683766949057, 0.7209021598304717, 0.653085491311647, 0.6432704905172802, 0.7226633059114617, 0.6447336845103911, 0.589068707356878, 0.5656521707281064, 0.6435159715359352, 0.5921698415997986, 0.6776886102572816], "documents_recall": [0.5482817829371897, 0.5064678980271248, 0.5749960737364728, 0.5653645279795623, 0.5463278968877936, 0.5473064551831293, 0.5844749729041981, 0.5837600840204079, 0.5687391736137282, 0.6495888794491719, 0.5065006704660645, 0.6022428587847354, 0.5402770692656694, 0.5201213601126244, 0.4684879782039106, 0.5274475120593602, 0.5868591207289741, 0.6145556419192753], "method": "embedding", "split_length": 2000, "config": "droc_final_512"}