{"f1": 0.5563619643855402, "precision": 0.6134659388753234, "recall": 0.5132210269299033, "documents_f1": [0.4886215229342452, 0.5069076329154424, 0.5410909444286214, 0.5151293078635272, 0.5911363185670904, 0.6250900616901239, 0.5790211128305546, 0.5501705874180047, 0.5568751574429999, 0.6308875682342993, 0.5660000094790109, 0.5947146042362437, 0.5783178143826309, 0.5312726335154153, 0.4693667222087687, 0.5043350667557766, 0.559627385795913, 0.6562391495021588], "documents_precision": [0.5637497561717467, 0.5917621734708051, 0.6176854936924004, 0.5647662749741833, 0.640888126241698, 0.7046021844119769, 0.6227410109884212, 0.5865771807001646, 0.6380767854162191, 0.6436171666942508, 0.6473100509052045, 0.663294440468147, 0.6504048211244903, 0.5848868927386613, 0.5454333418043944, 0.5608186114422768, 0.5756669938598364, 0.6870813061155197], "documents_recall": [0.45277332939621945, 0.45957056313639005, 0.5165288277787494, 0.47829975601172875, 0.5553919734814132, 0.5831446017812323, 0.5437783853763688, 0.5191260876011135, 0.5142578055736637, 0.6193860812441095, 0.5126767184795418, 0.544646380060245, 0.522556493316267, 0.491175688836289, 0.4306775855120901, 0.46094401236823024, 0.5480089411436181, 0.6317526726623537], "method": "overlapping", "split_length": 1500, "config": "droc_final", "embedding_threshold": 95}