{"f1": 0.6836358129882522, "precision": 0.765826037174195, "recall": 0.631783156126395, "documents_f1": [0.6433183116724117, 0.6159946434566338, 0.8051746157549561, 0.6510671757689058, 0.6173316428352581, 0.6793079190964475, 0.7656933348779007, 0.7019670791802831, 0.739992765296321, 0.7467541277809988, 0.6394592730708051, 0.7571082315235111, 0.6635532865668102, 0.7048610959530205, 0.666764197267657, 0.6877710977711536, 0.6546058970935861, 0.7248879051747186], "documents_precision": [0.7011918315932778, 0.749092751650389, 0.8945393605205919, 0.7447577366951078, 0.6941608222715406, 0.7717817709979266, 0.8919830708229584, 0.7572513015268881, 0.8442410203705845, 0.812299422130347, 0.7314927096706628, 0.844333704873517, 0.7325465321717335, 0.7811213955132296, 0.7350913084491185, 0.7460734622851205, 0.7461200394430477, 0.7799431005815748], "documents_recall": [0.6003268502367333, 0.5497946385121756, 0.7493822259217034, 0.593008685493106, 0.566963332456233, 0.6434050994236566, 0.697208844446395, 0.6878742420656622, 0.6741398363181513, 0.7062329713020605, 0.5852932638513809, 0.705431196187528, 0.6298086521893128, 0.6819853512624476, 0.618338261844178, 0.6480288860059719, 0.6073028757354132, 0.682919585539341], "method": "embedding", "split_length": 500, "config": "droc_final_512", "embedding_threshold": 55}