{"f1": 0.8518915860613975, "precision": 0.9159070523173208, "recall": 0.8038301996502731, "documents_f1": [0.7784349053260505, 0.8017120982679867, 0.8795142503774956, 0.8576169208604115, 0.8180923797746654, 0.8745508152508948, 0.8781827550581683, 0.8800206043242929, 0.8547708838081672, 0.8796516815256368, 0.8550625101732768, 0.88506885581345, 0.8720375418583037, 0.8495272402449155, 0.8700576965287512, 0.8615830817503215, 0.8181381822945548, 0.9070173936107362], "documents_precision": [0.849582972854351, 0.891810211675585, 0.9382084574874204, 0.9241910609644485, 0.8936075658991874, 0.9529935845951264, 0.9619051471198068, 0.9279882682795774, 0.8961777739499532, 0.9139450438458109, 0.9400644102784023, 0.9159534079812856, 0.922412883689935, 0.9222321939623607, 0.9186055648821307, 0.9136045112526198, 0.8951115050720002, 0.9599536100054603], "documents_recall": [0.7242530084965374, 0.738557713019118, 0.8390507395894856, 0.8125328719258421, 0.7591315125980537, 0.8278215086795185, 0.8308451817573287, 0.8392067454678127, 0.8278350740532843, 0.8526745460095974, 0.8021620602856178, 0.8598252391326636, 0.8345417357853817, 0.8119070698968919, 0.8284879929054704, 0.8206878926149291, 0.7655019371894548, 0.8697128989978934], "method": "overlapping", "split_length": 1500, "config": "droc_final", "embedding_threshold": 95}