{"f1": 0.8531240578491053, "precision": 0.8647335590148675, "recall": 0.8419095467360259, "documents_f1": [0.8094579897833847, 0.83813936692589, 0.8558228232726881, 0.8491112928315191, 0.815186584533468, 0.8711782706787687, 0.8716744953480527, 0.8831614103156112, 0.8551080296728717, 0.9010900923158333, 0.8593797402472738, 0.8748050123469029, 0.8650051848582865, 0.860180295173218, 0.8625627326782265, 0.8572523476049531, 0.7880269881896508, 0.8942205328692361], "documents_precision": [0.8218639059350519, 0.846650354209737, 0.8617751028848267, 0.8553785851033794, 0.8412755891841869, 0.8863705760667137, 0.8783097849091632, 0.8808506341500046, 0.8409628845134275, 0.9490373444676168, 0.8671233624689161, 0.8828325967747732, 0.869445676458673, 0.8542019108899975, 0.8818483555606714, 0.867287884299206, 0.851609384638026, 0.9135280757958338], "documents_recall": [0.802804775391044, 0.8301907268443366, 0.8501888246879196, 0.8429745386799308, 0.7962620496032887, 0.8589128523722107, 0.8665146369832618, 0.8855109525385387, 0.8704118203114195, 0.8653994091323985, 0.8530878677137755, 0.8680423510693518, 0.8617594600697734, 0.8693355777676562, 0.8445773829235605, 0.8480599359032605, 0.7379396931408281, 0.878012117873402], "method": "overlapping", "split_length": 1500, "config": "droc_final", "embedding_threshold": 95}