{"f1": 0.7496926315278487, "precision": 0.8282264281105868, "recall": 0.6977633564856252, "documents_f1": [0.7402424124736408, 0.7345010102927484, 0.86526324965181, 0.7080718918797094, 0.7028653755883331, 0.7536506302811762, 0.8355687192373474, 0.7667402053873591, 0.7398268744160741, 0.846129338184639, 0.6759452696077656, 0.8140434175496107, 0.7458301761044743, 0.749214765552014, 0.7064787644424558, 0.7539584556355793, 0.7032743829194624, 0.7685438437951023], "documents_precision": [0.8023171860981736, 0.828087398222843, 0.9242811327350376, 0.7710099039328183, 0.7808897123785016, 0.8388691994711727, 0.9373310092637966, 0.8158949078539856, 0.866159042353923, 0.9398243927741717, 0.7862452407232259, 0.8907959638263413, 0.7963176289590667, 0.845106871228421, 0.7671487660203034, 0.8314535735725653, 0.7972964930717111, 0.831905002167859], "documents_recall": [0.6916172587095529, 0.6713376702866426, 0.8172979027932833, 0.6659502482489366, 0.6494162652404071, 0.7320889600653628, 0.7845672252918873, 0.732139300150133, 0.6654890914151861, 0.7853844901974268, 0.6062949213296921, 0.7586655099638518, 0.7195924590582482, 0.7101052752238267, 0.6603713352572661, 0.6994689650333625, 0.6614870355419519, 0.7205847742498867], "method": "embedding", "split_length": 1000, "config": "droc_final_512"}