{"f1": 0.8217924271550799, "precision": 0.9063204203267299, "recall": 0.7701511969576161, "documents_f1": [0.823158400461657, 0.755174801835741, 0.9120208014380221, 0.7838037249426167, 0.8039369920827917, 0.7694967492429781, 0.86412930704398, 0.8393985819896713, 0.8251672789109091, 0.8814862191300269, 0.7770920401433653, 0.8927053913914024, 0.8242939398448025, 0.818332713990556, 0.9091743254517018, 0.7968195716326204, 0.7797678721911646, 0.911695170962196], "documents_precision": [0.8780834207423968, 0.8387850485257076, 0.9905902379979947, 0.880138672982743, 0.8925072435514325, 0.862339452299385, 0.9726521392852946, 0.891041915736416, 0.941531087848436, 0.9594319420445455, 0.8873515348002049, 0.9676996263013623, 0.8840539519443181, 0.9513750629659276, 0.9821378595064453, 0.8656887037999268, 0.8996061665889411, 0.9692622897799154], "documents_recall": [0.7782743007244152, 0.7063738040808712, 0.86401885972727, 0.7249503768541686, 0.7457377750537804, 0.7327494205918316, 0.8106267981131587, 0.806191400497516, 0.762513241666584, 0.8362761040817421, 0.7109133595355948, 0.8387613705350757, 0.792714459034392, 0.7589715196474384, 0.8547090990372036, 0.7477831715098636, 0.7295546674320857, 0.8705129669744389], "method": "embedding", "split_length": 2500, "config": "droc_final_512"}