{"f1": 0.9243153126178294, "precision": 0.9426337243539491, "recall": 0.9067250168525591, "documents_f1": [0.9397524669897573, 0.9567597153804049, 0.9613199511779632, 0.8785985237965838, 0.9186337818010145, 0.8735316734432326, 0.9488709429490543, 0.9383590042555223, 0.9542074600805592, 0.9073235497046115, 0.9430908415578904, 1.0, 0.9190965829874354, 0.893105270927033, 0.9481679088551073, 1.0, 0.9790852889476577, 0.9294674053038613, 1.0, 0.9149051450398721, 0.9207101017166791, 0.9854734802785035, 0.9080553409043378, 0.9294877804721494, 0.8508643741601988, 0.9325783095749829, 0.9184398019065575, 0.9103344707327468, 0.9224089143392941, 0.9371712042171355, 1.0, 0.9124501852706568, 0.9071516226805648, 0.8266307736519946, 0.9039023920797321, 0.9568429357035653, 0.9320194721870497, 0.9682641432641432, 0.9773986373507713, 0.9366092991329836, 0.9802867383512545, 0.8810149541924837, 0.9717274475618742, 1.0, 0.9297796837687288, 0.9223215336330903, 0.874388805217063, 0.9689742134046667, 0.855092659161499, 0.9224884086096156, 0.9344496773068202, 0.9011103269521369, 0.8908125820516388, 0.9272818585189099, 0.9320747163187445, 0.9403037212429478, 0.9005815241255218, 0.9576743603585203, 0.887783512169967, 0.8978068437197738, 0.9431069193972261, 0.8822418819063115, 0.916398780966082, 0.8259018741853592, 1.0, 0.8810410103489282, 0.8347903855561257, 0.9194865364422204, 0.9874870880513691, 1.0, 0.9124909731140319, 0.9135526468689928, 0.9804475346071272, 0.9483956133483544, 0.8964015441695583, 0.8713455144528758, 0.8883157967953893, 0.9857632201439964, 0.973981793783774, 0.8705111124984115, 0.8670184299983262, 0.9294670680018179, 0.9551379586854014, 0.9483692687734017, 0.964176245210728, 0.9608301397111484, 0.9850648027345515, 0.981490288114134, 1.0, 0.9478297799507364, 0.9697320223636012, 0.9162781662781662, 0.8986701433806102, 0.9032587347002762, 0.9312946628646287, 0.89084681161528, 0.9497938064114534, 0.9176341358536186, 0.9447622392827872, 0.9233300371846771, 0.8675056989394282, 0.8463524175933586, 1.0, 0.9867075436640654, 0.8622334427595336, 0.9522869605164281, 0.8759960686329085, 0.9505707949279047, 0.9584933435739886, 0.915743501701756, 0.9770804923725885, 0.8835486504712723, 0.9733609675973832, 0.9843520052869345, 0.9831958094303284, 0.9001479006326861, 0.8963893249607535, 0.9513802622498274, 1.0, 0.8520500261422992, 1.0, 0.9726416187203152, 0.9648857625530319, 0.9490130281766015, 0.9444395115807197, 0.9438783758278783, 0.8975586947661448, 0.9281348069157994, 0.973978976873234, 0.8874653191317162, 0.9453309885316, 0.9265448236567404, 0.9444758361186926, 0.88294676952352, 0.9662147246404733, 0.9394500486396083, 0.945534678421465, 0.9227318045862413, 1.0, 0.9822146856011642, 0.9032440770857533, 0.9239404757651283, 0.90502711143975, 0.8632423160676841, 0.9657867150179098, 0.8320212976977593, 0.9358514177684566, 0.949074061645705, 0.9861405647903773, 0.9188951758246363, 1.0, 0.9160846780984082, 0.9177188607850839, 0.8727528121488448, 0.9436458834346665, 0.9076989191286674, 0.9030049738950595, 0.8851789949829166, 0.9617398957063452, 0.9306285057550651, 1.0, 0.9491659803477148, 0.9525323359825464, 0.9853555734911668, 0.916027448279307, 1.0, 0.9541715060007743, 1.0, 0.8960839064404252, 0.922191913676385, 0.9142642877598911, 0.9473487317807842, 0.9667963454170351, 0.9667364930147831, 0.9326972014697832, 0.9420056564481761, 0.8842498641160912, 0.9580212754338818, 0.8965574236972396, 1.0, 0.936372269705603, 0.9203907509847942, 0.9567579128453652, 0.8782385126851603, 0.9016623462205297, 0.9440058479532164, 0.9404871346434884, 0.9766767805394414, 0.9778659253715385, 1.0, 0.9263676814238613, 0.9086634729735655, 0.9274713756470332, 0.9344780378335136, 0.9295149103439259, 0.953540004258104, 0.9589705871865634, 1.0, 1.0, 0.948100504337762, 0.8027549738208289, 0.9409618731213415, 0.8809930960649552, 0.942301234562458, 1.0, 0.94301035808325, 0.9592059108937757, 0.9154361741860105, 0.9171149483562334, 0.9654528478057888, 0.963567164369089, 0.9506875350203687, 0.98779381224369, 0.9577759436228388, 1.0, 0.9811853365955382, 0.9386389240951978, 0.9438609135010306, 0.8852225882501567, 0.9776879909878877, 0.9107138135345597, 0.9599248296922717, 0.9644891839794388, 0.9131113465572002, 0.8721624169563978, 0.8869939952853553, 1.0, 0.8959021213406712, 1.0, 0.9113651024028382, 0.8847280294541116, 0.9011599032411189, 0.8711547115437971, 0.9109695273149016, 0.9250037518399017, 1.0, 0.9691098210847641, 0.8874029733372911, 0.9571437752773915, 0.9666220719227008, 0.8441646117361828, 0.7914439958002578, 0.9064737900205987, 0.9800991047387754, 0.874340948672904, 0.9790380690418989, 0.911556383203085, 0.9702798036131369, 1.0, 0.9567553124607066, 0.8970356061880315, 1.0, 0.9393854149272106, 0.9762725292137057, 1.0, 1.0, 0.9735845749342681, 0.9837754467742812, 0.9358024803699726, 0.9864149208185905, 0.9676259003581437, 0.9729071455933577, 0.95203017837982, 0.9512936322069812, 0.8785674388741654],