{"f1": 0.5569637324457513, "precision": 0.6196975020963801, "recall": 0.511587292555505, "documents_f1": [0.5735744560769026, 0.5133899300930219, 0.5912734402831997, 0.5036046908946684, 0.5333475321982794, 0.5626414197153488, 0.5438742168202351, 0.5841470322380822, 0.5410858528568167, 0.6287349712729505, 0.5461720762128316, 0.6266116981050959, 0.54103742826308, 0.5372255682270213, 0.48661210584151954, 0.5615803582973721, 0.5477566570977911, 0.6392899235940297], "documents_precision": [0.6280625236522844, 0.606020514380999, 0.6400987455536753, 0.5803833765441889, 0.5815171943901775, 0.6470428094309596, 0.6192929348686136, 0.6123911281560236, 0.6526746842515654, 0.6393425197287638, 0.6459864111146162, 0.7111742777121508, 0.6003947814862142, 0.6001051124459428, 0.5483394190690329, 0.6325069820912161, 0.5780605562857573, 0.689634765044656], "documents_recall": [0.5378878647157138, 0.4682680945784816, 0.5546417646127406, 0.46199738745158253, 0.49708977381102953, 0.5106714157740185, 0.4961473341418827, 0.5592677798536823, 0.4786051763830499, 0.6213705580567529, 0.48569069608129584, 0.5693913633526753, 0.4989330603551732, 0.49069146762833254, 0.4561051109848994, 0.5070758684673712, 0.5291874300946834, 0.6013487539404193], "method": "embedding", "split_length": 512, "config": "droc_final_512", "embedding_threshold": 90}