{"f1": 0.570946066586651, "precision": 0.6284176740116246, "recall": 0.5296506337322112, "documents_f1": [0.5857088229914628, 0.5459772867803693, 0.6109284686411242, 0.5398678857827491, 0.5511417411462748, 0.5734256600820143, 0.5592367614843622, 0.587188759591374, 0.5537599708627601, 0.6280968066407155, 0.547239126951486, 0.6339498693533813, 0.5407781168656113, 0.5593175435061398, 0.5128783461846028, 0.5719633262556648, 0.5661441887555695, 0.6504945687770322], "documents_precision": [0.6483889444035301, 0.6319852141635, 0.6516689130534087, 0.5901785352182389, 0.5958366909275841, 0.6628802378428685, 0.6291509789584216, 0.6107647049439742, 0.6651173414346324, 0.6399875985487302, 0.6187590360602111, 0.7062299250649078, 0.6057206318849743, 0.6081005910243075, 0.5624419108322681, 0.6380175255044244, 0.5885512415810538, 0.6923147053057847], "documents_recall": [0.5406625817632842, 0.4932614008807466, 0.5784819019807466, 0.5021649209336314, 0.5192398394286665, 0.5324268210725711, 0.5129125615641444, 0.5672098627055124, 0.49551204143341404, 0.6180601720069603, 0.5031587847404814, 0.5850678384221293, 0.49751000062068323, 0.526098334121815, 0.479816134714306, 0.5242731977693679, 0.5646624706996344, 0.617423715402344], "method": "embedding", "split_length": 1000, "config": "droc_final_512"}