{"f1": 0.686699509674845, "precision": 0.7731399226087196, "recall": 0.6303852346675514, "documents_f1": [0.644910974043735, 0.6178009462481291, 0.806956257492503, 0.663915613875254, 0.6032916835740582, 0.6953073544971563, 0.7576532637482654, 0.7160019023639457, 0.7360182199714567, 0.7507100372766494, 0.6292053605575183, 0.7525840757496599, 0.6826785501086526, 0.700392594293274, 0.694766818289874, 0.685462751710684, 0.6554626770636641, 0.7160943495180844], "documents_precision": [0.7103364629940226, 0.7577533651999238, 0.8995187787522555, 0.764443393011874, 0.6816644715985145, 0.8015167188226142, 0.8940473228937735, 0.7664864211025236, 0.8587046026837407, 0.8185002741945003, 0.7269853388583999, 0.8385651540019863, 0.7489115142828048, 0.7993560145280107, 0.7592889117027409, 0.744103790598431, 0.7562538621803832, 0.7662077977444878], "documents_recall": [0.5974568275511679, 0.5486341220016299, 0.7485745662472908, 0.6003713395584404, 0.5519371041645816, 0.6481964923972587, 0.6859480839849992, 0.686150894529538, 0.6606904262203365, 0.7083974734665626, 0.5722400500449041, 0.7012645295208614, 0.6425067968083623, 0.6594156245073198, 0.6478846938125423, 0.6410825342500638, 0.6047927243880525, 0.6757188089950468], "method": "embedding", "split_length": 500, "config": "droc_final_512", "embedding_threshold": 75}