{"f1": 0.5564256744023091, "precision": 0.5800342441781566, "recall": 0.5941004180364489, "documents_f1": [0.6060491512183783, 0.5647236516535529, 0.6067154621714254, 0.511386621620537, 0.5061630984173099, 0.5060760626371339, 0.5929416291803195, 0.5909399966851822, 0.5206757266115734, 0.5980885916549388, 0.5234923857501931, 0.5426385129021963, 0.5059511914816914, 0.4936224355690689, 0.5318464193140956, 0.5580789217774248, 0.557317356295731, 0.6504864078277355], "documents_precision": [0.6210634265908315, 0.5741495115553977, 0.5982393538788929, 0.5173607045958745, 0.5478031334886811, 0.5488318116245531, 0.6239451520262033, 0.6107807073678799, 0.5919085496871591, 0.6041548129496109, 0.5602648597911076, 0.5909038554391605, 0.5341669242404613, 0.528567007185892, 0.5383202396630317, 0.6331434362716193, 0.6020380827716679, 0.6871984040523648], "documents_recall": [0.6200332473562605, 0.605642166297443, 0.6499238294540384, 0.5806783843543212, 0.627086952101577, 0.6234708156221712, 0.6404078347754205, 0.5966530152520639, 0.5034190751246299, 0.5925084162892498, 0.6066803767946262, 0.6200878012130437, 0.5595869553754481, 0.534999354904303, 0.5365393237332532, 0.5116067814396755, 0.5732783704184, 0.6473484107464003], "method": "string_matching", "split_length": 500, "config": "droc_final_512"}