{"f1": 0.7806033475254243, "precision": 0.8722249080371602, "recall": 0.7312572038334749, "documents_f1": [0.6558141853299632, 0.6835639317368761, 0.9116097106633173, 0.7734567858166752, 0.7349694433759805, 0.7746622452682255, 0.752727396969299, 0.8460691732182853, 0.7404524853704073, 0.8656985859937366, 0.8550803960919907, 0.8164280345837455, 0.8397041065334113, 0.8190216137497194, 0.8178587329771441, 0.7701411435530227, 0.7040601224747408, 0.9226874204383381], "documents_precision": [0.7329040777626098, 0.7908946666270139, 0.9748286329257271, 0.8698146614580867, 0.8512316134685908, 0.8572407428801085, 0.8775340895972824, 0.9012286302979154, 0.8344449970387671, 0.9470130621843066, 0.9610282177239103, 0.8715993576715045, 0.926217856996182, 0.9581105677469818, 0.8744011104067325, 0.830596590425477, 0.8363966828144357, 0.9932464427930768], "documents_recall": [0.6048820888053494, 0.6323390243573312, 0.8690577076967504, 0.7338343952136364, 0.6668332333739793, 0.7600758809062298, 0.688865848065573, 0.8180607387956078, 0.7208303428267882, 0.8286017989784714, 0.806294541369036, 0.7804656440637041, 0.789801967107966, 0.7626178272065575, 0.7770175987246392, 0.7369461267500955, 0.6350589907955648, 0.8768327382644362], "method": "neural", "split_length": 2500, "config": "droc_final_inc_512"}