{"f1": 0.6996597503986778, "precision": 0.7728134978930455, "recall": 0.6526347577336188, "documents_f1": [0.6519151071780893, 0.6673779054694294, 0.7963174873274618, 0.7173427087496177, 0.6532640312762149, 0.6750618553170914, 0.7819639441884552, 0.6821781218482578, 0.673321400312907, 0.848218282661763, 0.6475610773405515, 0.7547819544088559, 0.7096298722477429, 0.7165862513744511, 0.6586449370366285, 0.6676988435630055, 0.6773523584961726, 0.7429275647203708], "documents_precision": [0.7188551446880799, 0.7630080367717619, 0.882392216290348, 0.7938126494956778, 0.7348437554574975, 0.7379950701910675, 0.8694438862756343, 0.7303526009445394, 0.7965272799074775, 0.9126298139844532, 0.7507315644598105, 0.8357517864126859, 0.7542597430638883, 0.8023305605781355, 0.714248551244563, 0.7241912092499015, 0.732858780379988, 0.7979790823423237], "documents_recall": [0.6053548181334789, 0.607184631209754, 0.7422244166086861, 0.6676197905423478, 0.6016190004453952, 0.6582639563836349, 0.7390595192802443, 0.6602364583556382, 0.6012706844781274, 0.7982809526961073, 0.5864615532617382, 0.7059051268309494, 0.6942331994025954, 0.6817403406045814, 0.6166852890498089, 0.6293246137208793, 0.652192871301161, 0.6991881380406055], "method": "embedding", "split_length": 500, "config": "droc_final_512", "embedding_threshold": 50}