{"f1": 0.8416166389873251, "precision": 0.9164071022071244, "recall": 0.7850720027800281, "documents_f1": [0.7774865499294826, 0.7429182319899158, 0.8789466965657953, 0.8557775731167147, 0.803678822648313, 0.8633970273581117, 0.8720632452009229, 0.8808949668526368, 0.8463041720591683, 0.908076982466258, 0.8661465177436701, 0.9077032334315859, 0.880520675389994, 0.8434570817358784, 0.8617702932683224, 0.8086478247143963, 0.7678828125161098, 0.9119626129009933], "documents_precision": [0.8494707000751043, 0.8797398850354919, 0.9365726676604008, 0.9114433169763458, 0.8742052075575889, 0.9645098754004611, 0.9558064279682533, 0.9394420846804795, 0.9277883752561701, 0.9690934065934066, 0.9446889967359574, 0.9459684732613377, 0.9529040433567956, 0.9243376699665798, 0.9032167705550324, 0.8889762367201812, 0.8698131818175225, 0.9802972626502039], "documents_recall": [0.7225353600337135, 0.6586845281250183, 0.839356826575754, 0.8128222933069832, 0.7480328646433009, 0.8023767084007813, 0.8238173750873296, 0.832915040498439, 0.8001237962522634, 0.8653310101721673, 0.8166716121065036, 0.8774964012791041, 0.833483426294675, 0.8002891068293927, 0.8251357117121353, 0.7462256892571268, 0.6963887554127641, 0.8669231784585149], "method": "overlapping", "split_length": 1500, "config": "droc_final", "embedding_threshold": 95}