{"f1": 0.5728192981053566, "precision": 0.6262656872284272, "recall": 0.5332928911749767, "documents_f1": [0.5726608202330538, 0.5609860477354344, 0.6117267727697284, 0.5508189783086126, 0.541687836005165, 0.5614948755568114, 0.5817461683446209, 0.5756198125962305, 0.5714216142376723, 0.6342748151936576, 0.568705985489305, 0.6380976426663416, 0.558066280812871, 0.537537334116657, 0.49934074164327996, 0.5587915792261368, 0.5655694293453944, 0.661031359608949], "documents_precision": [0.6276962686414597, 0.6463581007575806, 0.6555679499880352, 0.5906568065684995, 0.5804815392086746, 0.6271167164914858, 0.6477211959614542, 0.5979848428380692, 0.674598355702194, 0.6393850580912921, 0.6612609600534445, 0.695354923822079, 0.596421761133552, 0.5978187627876277, 0.543177671346185, 0.6335838846123117, 0.5886244727995272, 0.7135757538230143], "documents_recall": [0.532592158161957, 0.5063959394541481, 0.5783103544378744, 0.5180588940770033, 0.5134630505697265, 0.5241109085214363, 0.5396559312032356, 0.5594276200218995, 0.5154873424447998, 0.6303522124179628, 0.509027710327591, 0.5942801986106742, 0.5423181511524092, 0.4999998847109138, 0.4676439656881284, 0.5089212449588864, 0.5610349063899839, 0.6190457444718863], "method": "embedding", "split_length": 500, "config": "droc_final_512"}