{"f1": 0.7005592032870668, "precision": 0.7878110047929635, "recall": 0.6389166845664996, "documents_f1": [0.6424286362868364, 0.6294739148481546, 0.8005795670247032, 0.6806312905053583, 0.6280214895205157, 0.6893676957566078, 0.7767431867360012, 0.7547650828292879, 0.7069000148960348, 0.7796129824854088, 0.6415311955287569, 0.7941686199459158, 0.7115868382904392, 0.729342891602518, 0.6959211266297877, 0.7033967288734603, 0.6731520806293547, 0.6941513772230904], "documents_precision": [0.7034504612958359, 0.7741464597060518, 0.8771046044896419, 0.7830079579259572, 0.7170229282511303, 0.7965561296661835, 0.9022425417025884, 0.8066772332305652, 0.8347422172550764, 0.8373764833705643, 0.7569965749192336, 0.8791794567250673, 0.7883238233977653, 0.8400036487354602, 0.7611411699486522, 0.776400049413299, 0.7848335061461977, 0.7427404078984307], "documents_recall": [0.6022987701423163, 0.5677388881961529, 0.7480299039379225, 0.6150707087596697, 0.5708739390836245, 0.6250739954663679, 0.698342148032471, 0.7116328048214347, 0.6279622259641747, 0.737578612924382, 0.5716135444096708, 0.7337684929842728, 0.6554031938936514, 0.6565280723042819, 0.6557976874444157, 0.6480517177315027, 0.6060735925582889, 0.6545394524142849], "method": "embedding", "split_length": 512, "config": "droc_final_512", "embedding_threshold": 90}