{"f1": 0.592203397101207, "precision": 0.6126404384202616, "recall": 0.6103415758343518, "documents_f1": [0.6346427642851268, 0.5616602019548299, 0.6324287809937079, 0.5644353177170428, 0.5547153598985877, 0.6224881655558373, 0.6037295559981242, 0.5885484575706422, 0.6474823748971444, 0.632840023591784, 0.6150747796983694, 0.6583945333882174, 0.551507754046342, 0.5278920028606485, 0.5191967779857461, 0.558804723299763, 0.517595661499073, 0.6613678161028814], "documents_precision": [0.6681961528021246, 0.5972331060850783, 0.6119506103542482, 0.5677360485263895, 0.551242584705743, 0.6945025955038843, 0.6453645475620972, 0.5977500824745393, 0.7445116500463124, 0.6368280452775935, 0.6549440971851835, 0.6996338128366465, 0.5824745769508779, 0.5612217186541, 0.5642385641564078, 0.6183017945037311, 0.5158081921665582, 0.6805327885650762], "documents_recall": [0.6645466703250597, 0.6297050246360908, 0.6900411533946667, 0.6090102297378323, 0.6093105924760253, 0.5985853880488718, 0.586236797006306, 0.6246844589293108, 0.6162456548089504, 0.6304712996444646, 0.6403761689355174, 0.659682997574399, 0.5899078506561762, 0.513606238105562, 0.4914172824216812, 0.5208541965964856, 0.583808077745706, 0.6607496511883638], "method": "string_matching", "split_length": 2000, "config": "droc_final_512"}