{"f1": 0.6907026424990175, "precision": 0.7435862330675477, "recall": 0.6455506344766379, "documents_f1": [0.7265666520590885, 0.7928521635313818, 0.7393479594246665, 0.7695240762409955, 0.6888446138892833, 0.6410318885853844, 0.6230312020988799, 0.5427885285832708, 0.5612140356197455, 0.7091910223843451, 0.7632149216494035, 0.7131662253472032, 0.6803208551902363, 0.598709317934165, 0.6624371969274634, 0.7098045444095403, 0.7264042316448576, 0.7464332445482996, 0.570233097644076, 0.7800433064450057, 0.6952766313783937, 0.8628907011817937, 0.6361226323515473, 0.7348559037635457, 0.6081242726085537, 0.6120258774465596, 0.7266533327605874, 0.7284672982960821, 0.7451926014966105, 0.6631925119187795, 0.5470067952216094, 0.7259330494085194, 0.7755594016819486, 0.5993277874206595, 0.6944173750612417, 0.6485855079910229, 0.6848580334070867, 0.6372990248379721, 0.7128197013215273, 0.6717088900793743, 0.7620767052727181, 0.69838146019658, 0.7034172009530327, 0.6296169218543074, 0.5096562520537025, 0.5801752584856259, 0.7903009886702677, 0.521320622194399, 0.6422493974412048, 0.6683858418573289, 0.6761591781023801, 0.6704093685170615, 0.7486487232248097, 0.6266682918252893, 0.7268315564453509, 0.6902749984400399, 0.6280852732639243, 0.7802444481593209, 0.6262443677882302, 0.6920413866684197, 0.6934945751497462, 0.6430860969166639, 0.7500938778319192, 0.5740768668734545, 0.5557969196876905, 0.612826699903807, 0.8071572812305186, 0.623429355281207, 0.6242873961232491, 0.7288868102751928, 0.7507537062939794, 0.6527270734575961, 0.5577496883883007, 0.7212270865481908, 0.6506052158980474, 0.5701551853195524, 0.7658776294062927, 0.6164384556128023, 0.5953421250427938, 0.7083195437281443, 0.8029069479972669, 0.7131350637186883, 0.7842764953856762, 0.7341297936290422, 0.6724302726861758, 0.648661168084781, 0.6502505390402028, 0.8264653810701393, 0.5115902615902616, 0.6580852191049492, 0.7256774781775069, 0.7590521730416239, 0.7221782693501023, 0.658735462188735, 0.7132299002926635, 0.7190786832403315, 0.7210910352838621, 0.5759562767070812, 0.5718980127412806, 0.8611805290883865, 0.8043189608109929, 0.7076218041724752, 0.7854686221275724, 0.7932537090587276, 0.5369080686511769, 0.8004723432285052, 0.570334882267186, 0.6859451413927792, 0.6412076072160171, 0.769198262492767, 0.7123081911598862, 0.6926371881313186, 0.5535862396078, 0.8224952078652844, 0.6430293170309916, 0.7242322746909903, 0.648491445280697, 0.7488872092046694, 0.6796841128561565, 0.7802967773064567, 0.7863426547329141, 0.7951777779465523, 0.6782849260493192, 0.7989232523953262, 0.6266431493407075, 0.6098220280799332, 0.7654447321833278, 0.43383101676573815, 0.6545001924507042, 0.6144892437563015, 0.7262102257072643, 0.670512939319536, 0.6817298681088443, 0.7226481016272301, 0.4678180503923999, 0.60484648034341, 0.7316660793378547, 0.7272568121347631, 0.6162263372203501, 0.5353704632487891, 0.6590047846519473, 0.8195204300113881, 0.5777573533546033, 0.6857933314275974, 0.6350655389726049, 0.56429635263445, 0.7995005603453421, 0.8763388899043824, 0.739359248310655, 0.6505881114872945, 0.6396729765345678, 0.7547098522831658, 0.5443285951271117, 0.5844173856492362, 0.5528155083757572, 0.8460807776925835, 0.6835762534602292, 0.581841226112409, 0.828927117504004, 0.6201469087074003, 0.8330308261342744, 0.6571439621719907, 0.7626224843720305, 0.5864386543152674, 0.712106541208385, 0.7235540788325897, 0.6636230163123686, 0.7544145868769512, 0.5900846787116486, 0.6984812493857132, 0.7926884887015314, 0.7521209637252105, 0.7337162169139998, 0.662482036243602, 0.6720530506880088, 0.7966129820343087, 0.6747474747474748, 0.6837640620249316, 0.6091115150249401, 0.6779128111072392, 0.6311855025006743, 0.8331354387260846, 0.60876390268804, 0.7291398016924103, 0.8363818090954522, 0.9066700921539631, 0.917892217417145, 0.6242541563774805, 0.730906042476951, 0.6829906846394086, 0.7457241598567214, 0.7576387645980741, 0.7239249354991601, 0.8535932164349903, 0.804633225050304, 0.6883911256705814, 0.6715917705494929, 0.6712744040734648, 0.7447687553715392, 0.6431629481112563, 0.7095854523038989, 0.6495138909320114, 0.7117861205731723, 0.6091895679532421, 0.6414508013571895, 0.6687620679786281, 0.7499523718874798, 0.5975479503915476, 0.6322734993898003, 0.805456873525476, 0.62024918345524, 0.6448322614895164, 0.7039126080212768, 0.7946568525202351, 0.6168402725305522, 0.7744283872438248, 0.638407310542949, 0.8318919875521367, 0.6900368978587718, 0.726207654634354, 0.6713102250810108, 0.7256289954963254, 0.7709151834339241, 0.6738134828080876, 0.9257974939422922, 0.7532338330129793, 0.6753870020570633, 0.645463995888368, 0.7012510217437292, 0.6886473883248053, 0.6457636798246736, 0.693633247657843, 0.837746876865871, 0.5726992574081928, 0.6946036517040003, 0.6463744892495694, 0.4082073864727072, 0.6557943262170978, 0.6630338337779926, 0.8243386243386244, 0.680709277184593, 0.6860621943198754, 0.6553772773477208, 0.8560162948537, 0.6096300027047951, 0.5697501830209655, 0.7876823783944528, 0.7143748727306698, 0.7225951247740552, 0.8510399562123702, 0.6070793238232897, 0.5464917286405027, 0.8047694878320533, 0.5468266549685286, 0.7833645196944806, 0.7039092792366386, 0.7998235424127454, 0.789265563110593, 0.6963171385086677, 0.5544609488345156],