{"f1": 0.5711479300106629, "precision": 0.599178403169817, "recall": 0.5819203336484452, "documents_f1": [0.5601644624681996, 0.567563675078382, 0.603372033523078, 0.5231457441100623, 0.562517382120557, 0.6001536735175168, 0.5874703573587109, 0.5988509756138455, 0.5601792124323076, 0.6182867807580165, 0.5272250488811393, 0.5469882792940782, 0.5072679587709317, 0.5106784117403194, 0.5271872242617344, 0.5693303940053497, 0.5652715749968334, 0.6552867300535046], "documents_precision": [0.6042369825168489, 0.6313641189578846, 0.6093696385162334, 0.5275979478695535, 0.5735962949334559, 0.6342445425308977, 0.6132691144434975, 0.6168470715323598, 0.6654195749315474, 0.6245519415637083, 0.5586807686341606, 0.5856489016154683, 0.5357586596892648, 0.5546455434935048, 0.5851362135462583, 0.6382260417025637, 0.5878272621622861, 0.6851772365205954], "documents_recall": [0.5279987788379293, 0.5293726526688632, 0.6640081940904464, 0.6027562522325524, 0.5936463539255208, 0.6677468428710666, 0.64252480270569, 0.6140837919780777, 0.5312158653074542, 0.6132729806638346, 0.615944922943498, 0.6034416749599935, 0.5607727268686628, 0.5061737050358158, 0.49010667354895654, 0.5295816496356318, 0.5837533836338937, 0.6623495110445213], "method": "string_matching", "split_length": 1000, "config": "droc_final_512"}