{"f1": 0.5685265477849424, "precision": 0.6231743654015146, "recall": 0.5265101684415806, "documents_f1": [0.5026580432142755, 0.5355652992893583, 0.6062335404156551, 0.5385480664461438, 0.5897641573115062, 0.5895665830344885, 0.5578641761305334, 0.5811546200682008, 0.5573580075016779, 0.6277979807665, 0.6101415736880247, 0.6463229918258085, 0.5875098780420432, 0.5427288266032159, 0.4781541502057249, 0.5095537854706722, 0.5306166983485301, 0.639809156689746], "documents_precision": [0.5805915146455844, 0.6271305467638595, 0.6342204528136274, 0.573327239328563, 0.6422770209161416, 0.6446907276255205, 0.6194007113305156, 0.6030795394584143, 0.6384467673405024, 0.6438123730079641, 0.6533622747812737, 0.6988005263764272, 0.6845163258155806, 0.602422535845487, 0.5458238493437787, 0.6129762933374835, 0.5648101018840378, 0.6750795679005193], "documents_recall": [0.46561662098303386, 0.48454119736699547, 0.5929718203716152, 0.5096661030549334, 0.5537957220686531, 0.5750083260651287, 0.5144915100365708, 0.5664617981185941, 0.5246614646237648, 0.613427382714044, 0.5742098810716941, 0.6074271810051324, 0.5208993960218612, 0.49775144721057657, 0.4433876322206507, 0.44658827621775193, 0.5042531263770857, 0.6099694930723496], "method": "overlapping", "split_length": 1500, "config": "droc_final", "embedding_threshold": 95}