{"f1": 0.8904299886358994, "precision": 0.9071252123118224, "recall": 0.8748174251032093, "documents_f1": [0.8926572449911577, 0.9320671086275846, 0.8874851686934783, 0.8502739264202276, 0.9451785836171153, 0.8735316734432326, 0.8830365908586444, 0.9081302671530175, 0.9542074600805592, 1.0, 0.9430908415578904, 0.9493087557603687, 0.911425586943777, 0.8812242193025316, 0.88232711339611, 0.9480539861895795, 0.9062190791305857, 0.9073490567749563, 0.9622508484528893, 0.9568293155547266, 0.7896034383215328, 0.9854734802785035, 0.7988180138765258, 0.873470655613873, 0.7779180153648649, 0.8577699827682927, 0.90457610934846, 0.9211725970057786, 0.9267485034326269, 0.9371712042171355, 1.0, 0.8839938460628116, 0.9151802773043046, 0.8195011108665201, 0.8720165670618423, 0.8891420534826561, 0.8359762747060829, 0.904349249097608, 0.9665507853207626, 0.8626212894452912, 0.9416742008997971, 0.8404000655981707, 0.9182712652898785, 0.9478417794565104, 0.9297796837687288, 0.9056167455693976, 0.9200671044436936, 0.9120391565941354, 0.8277416017475151, 0.885864498636103, 0.8872585283687418, 0.9031554011025514, 0.8614509190374376, 0.9075618774170516, 0.9463679507068762, 0.9134650242157719, 0.8719199181507683, 0.9576743603585203, 0.8826172116680343, 0.898508108161289, 0.9198626213180733, 0.8463344354386465, 0.9153222158318721, 0.7845155988988081, 1.0, 0.8018497700737499, 0.8148233519287716, 0.8595786068451446, 0.8501766686475017, 1.0, 0.8399972180417353, 0.9135526468689928, 0.921238834185757, 0.9221957356641504, 0.8598115819286215, 0.8520683698087557, 0.9125932173663003, 0.9480375494506476, 0.8949353940678528, 0.8291592998489365, 0.8357625967442996, 0.9294670680018179, 0.9340318985161913, 0.8872739218334975, 0.964176245210728, 0.8910629986249372, 0.873985608079015, 0.9315316531966916, 0.958925090504038, 0.9478297799507364, 0.9697320223636012, 0.847293833860998, 0.8359059078770255, 0.8495514390385756, 0.9312946628646287, 0.8054830291722993, 0.9497938064114534, 0.8575148460824588, 0.9447622392827872, 0.8351765751944303, 0.8301349415584958, 0.8324070440036176, 0.952792977972834, 0.9867075436640654, 0.8808502021064865, 0.9308620619861219, 0.9108295814081652, 0.8736381052662366, 0.9189277077394856, 0.8960707463467027, 0.9770804923725885, 0.8684353461302226, 0.861624663359556, 0.9843520052869345, 0.9152597909719197, 0.9272961711366202, 0.8963893249607535, 0.875059224928723, 1.0, 0.8645625112701496, 1.0, 0.9368083858756866, 0.9424470812790204, 1.0, 0.9444395115807197, 0.9438783758278783, 0.9050086307840619, 0.9185485268268768, 0.9382809787951575, 0.8413533872072927, 0.9453309885316, 0.9190426075993484, 0.8498370080219986, 0.8147523428748809, 0.8943427945890999, 0.8779440367529435, 0.945534678421465, 0.7928397350084095, 1.0, 0.9822146856011642, 0.8146155002224583, 0.8983018698314936, 0.8864590889371478, 0.8632423160676841, 0.9419047325890063, 0.8379723470840524, 0.9073125394534375, 0.9489253457792373, 0.9587856092553272, 0.883371744717472, 1.0, 0.8910137105279482, 0.8928063799413305, 0.7644938880335307, 0.9436458834346665, 0.778544689626945, 0.8634922461248712, 0.8851789949829166, 0.9617398957063452, 0.9163261017847253, 0.9561872909698996, 0.9031382740583682, 0.9525323359825464, 0.8871415973892418, 0.83819469860624, 0.9351480919778398, 0.9541715060007743, 0.9430738627669574, 0.7722532717240145, 0.8235472990630291, 0.8455294077874269, 0.8287472081977844, 0.8936893341737852, 0.9045265611152472, 0.9001847719580732, 0.9420056564481761, 0.8225817449869287, 0.9153413802564523, 0.9288439359345876, 1.0, 0.936372269705603, 0.8395063701667996, 0.9426918494978139, 0.8143188504852126, 0.8851206629955826, 0.8483288837190835, 0.9404871346434884, 0.9561613216715258, 0.9778659253715385, 1.0, 0.9566168385390353, 0.9478320636715211, 0.9072323252818602, 0.8895930386540454, 0.9295149103439259, 0.9279976656429744, 0.893081801063683, 1.0, 0.9756325514773415, 0.961287678667523, 0.7874409084484584, 0.9246026481966413, 0.853617486819313, 0.9435820403586543, 1.0, 0.8723599243036363, 0.9099969053761416, 0.9323470594144618, 0.8986845798962318, 0.9022400522219799, 0.963567164369089, 0.887584917128332, 0.8546779832076354, 1.0, 1.0, 0.9001346030667898, 0.9254795679342068, 0.8714181450772495, 0.8839590259124748, 0.9776879909878877, 0.9064173317932167, 0.9177188552188552, 0.9180595382641418, 0.9059584639304612, 0.857561586388511, 0.8538856344383355, 0.9522722096354634, 0.8457658630932303, 1.0, 0.8934821318020755, 0.8134529237624651, 0.8340343103835196, 0.8914330187853703, 0.8614402396583879, 0.8055446894208149, 0.9873533115672443, 0.9547797671528272, 0.8598795297062997, 0.8529134209748707, 0.8690014895516907, 0.8512089297072976, 0.7914439958002578, 0.9023921354421695, 0.9800991047387754, 0.8342779920531868, 0.9790380690418989, 0.9258312783612812, 0.9373852315908392, 1.0, 0.9567553124607066, 0.8119191727699945, 0.9003916912173793, 0.9527517285419774, 0.9762725292137057, 1.0, 0.9022765259359727, 0.9735845749342681, 0.884197311143426, 0.9797893545059467, 0.949516575143274, 0.9676259003581437, 0.903200100303796, 0.9565436417752279, 0.9512936322069812, 0.9006032208687214],