{"f1": 0.5927782235380429, "precision": 0.6401037427779085, "recall": 0.5586242231918713, "documents_f1": [0.5654063583272815, 0.5651486762309058, 0.6525456913759937, 0.5787017920168109, 0.5809759956598725, 0.6022134143714802, 0.5828996459172336, 0.5937940560733099, 0.5856864194070334, 0.6594975437795656, 0.5844505108645507, 0.6866041210588412, 0.5970479021394287, 0.5401498799849386, 0.49970594388260636, 0.574548153553765, 0.5787465655766185, 0.6683382660046951], "documents_precision": [0.622252762006941, 0.6455220158770728, 0.6591332565505016, 0.6093847786209424, 0.6320980590400653, 0.6870041449286121, 0.6161420252715585, 0.6063416669206517, 0.6681511729542718, 0.6671566171514026, 0.6491980972614456, 0.746214353443737, 0.654517803283284, 0.5895865400402261, 0.560697544616778, 0.6410277345262375, 0.598164185963036, 0.7010134255992334], "documents_recall": [0.524577491975175, 0.5155747617319705, 0.6465517505719357, 0.5577160892803388, 0.5431228652682284, 0.5627334800873349, 0.5554213713977689, 0.5921535082872863, 0.5448510158443237, 0.6528581469961869, 0.5455390262217198, 0.6499377200574759, 0.5599704774098058, 0.5046101155448453, 0.46815308197525884, 0.5252641266818653, 0.5810334259546283, 0.6508034516675506], "method": "embedding", "split_length": 2500, "config": "droc_final_512"}