{"f1": 0.5980491852216104, "precision": 0.6456694215933126, "recall": 0.5637354500646572, "documents_f1": [0.606775213331959, 0.5667175326509735, 0.6442179114010324, 0.5844575430408407, 0.5856562590831076, 0.5686309046697932, 0.5786166393516564, 0.6020412461468471, 0.6591624904210808, 0.6547084309192212, 0.6009551683353369, 0.6505306825709316, 0.6042110667297359, 0.5550784096643718, 0.513263205712517, 0.5757191951277217, 0.5694862138017537, 0.6597310005273384], "documents_precision": [0.6701052515821714, 0.643647753358135, 0.6571421566295025, 0.6016662088427266, 0.6328102967177437, 0.6383572703684709, 0.6459387419698212, 0.6210064874296749, 0.7522280747928073, 0.6585168992303153, 0.6983400801163094, 0.7184784033658896, 0.6556731431928869, 0.6050199031159819, 0.5776950682569975, 0.6469510124155516, 0.5841623402926194, 0.6855262620444641], "documents_recall": [0.5625161996984335, 0.5180131286118071, 0.6320691688247151, 0.5778086598373079, 0.5497249369678898, 0.5468038399315207, 0.5330025127153429, 0.5884257978031878, 0.6233201689761146, 0.6521462634175231, 0.5389370448929097, 0.6012866049669126, 0.5778838774264745, 0.5239605424629561, 0.4853007637719325, 0.5240851044202589, 0.5784450837059406, 0.6495190213286767], "method": "embedding", "split_length": 2000, "config": "droc_final_512"}