{"f1": 0.545235659615294, "precision": 0.6244775986675585, "recall": 0.49690576330211805, "documents_f1": [0.5020198921544382, 0.5260397139331804, 0.5530948045016757, 0.5176867488273909, 0.5308571424228048, 0.5385500041208141, 0.5023927487951023, 0.5869844704081085, 0.5491083185570652, 0.6098796567805027, 0.6257964654814049, 0.6207074537596721, 0.5344287204716173, 0.5245876910933372, 0.49112489725667435, 0.5262023611621728, 0.5367725040267278, 0.6021882951178777], "documents_precision": [0.5941065724462288, 0.6488464557505941, 0.6406648320907414, 0.5797004397967119, 0.6282310697477843, 0.6412243689986977, 0.574825185761048, 0.6416878181707474, 0.6677834466371513, 0.655411457562269, 0.7436734795578962, 0.7137332365581139, 0.6088985318379113, 0.5830754950848257, 0.5128429731056195, 0.5990713463364746, 0.5761179687221845, 0.660998051419533], "documents_recall": [0.45176972818589617, 0.46555330412644363, 0.5037110540268559, 0.4802659475483029, 0.47607017902321935, 0.4942321467471955, 0.4642879083428381, 0.5570445906187073, 0.5010666090741829, 0.5754475677366092, 0.5679203368041471, 0.5650845242950423, 0.48959670693207497, 0.49949724025261394, 0.4714846425489186, 0.4754420781541591, 0.5136516390733062, 0.5660291860989739], "method": "neural", "split_length": 500, "config": "droc_final_inc_512"}