{"f1": 0.7697686239406618, "precision": 0.7714538777074044, "recall": 0.7681251579676992, "documents_f1": [0.7583197473158836, 0.7536249681910321, 0.7891840299485575, 0.7711772838626874, 0.7463039200027578, 0.7832416132070809, 0.7632927107081021, 0.7997502487626202, 0.7541046586308829, 0.8216878595619396, 0.783289130240696, 0.788310838204497, 0.7691790796173087, 0.7372554680740312, 0.7902186908046606, 0.7606415661294634, 0.7799072979953534, 0.7689879733814138], "documents_precision": [0.769880553952713, 0.7621406491625463, 0.790259641385406, 0.7693423987000738, 0.7713999226749247, 0.7777191007841514, 0.7561405290307422, 0.7961636529580166, 0.7398069053539418, 0.8374719020048356, 0.7836772344854781, 0.7832305134894689, 0.762315525606659, 0.7143687665501118, 0.7857985421824476, 0.7579941940871068, 0.7969130986948253, 0.7734257529790008], "documents_recall": [0.751888714849058, 0.7456703358796695, 0.7881144908982399, 0.7730825714710953, 0.7275350831900388, 0.7890865036375946, 0.7708187494263207, 0.8034296695315284, 0.76974455040288, 0.8090846941566262, 0.7836167897441344, 0.7935535238124793, 0.7766161528404959, 0.7641612976704438, 0.7947609689318443, 0.7635115019123836, 0.7641705712245249, 0.7651793755144847], "method": "overlapping", "split_length": 1500, "config": "droc_final", "embedding_threshold": 95}