{"f1": 0.6972830788913265, "precision": 0.782563921884898, "recall": 0.6376146259244818, "documents_f1": [0.6430734833403552, 0.633592328918827, 0.8005795670247032, 0.6852911272658652, 0.61356522561061, 0.6937364461647583, 0.7674784266283878, 0.7342889641477649, 0.7059532762718068, 0.7796129824854088, 0.6503077288155721, 0.7691125191689898, 0.705930066025864, 0.7169986968707311, 0.6952126056795103, 0.7034017282123383, 0.6666953835513844, 0.7127349269746016], "documents_precision": [0.7096958164964309, 0.7735234459226291, 0.8771046044896419, 0.7809683885696009, 0.6973379996454684, 0.8093435052098908, 0.8933397605004739, 0.7781924509004629, 0.8322840491210455, 0.8373764833705643, 0.7459172878792647, 0.8569000183348879, 0.7765897300987875, 0.8177668795651111, 0.7614897021796923, 0.7678078822393557, 0.7685719011865612, 0.759730366536687], "documents_recall": [0.5957638412977531, 0.5676157718238084, 0.7480299039379225, 0.6218766824042798, 0.5576932533497553, 0.6327331253374876, 0.691694474718131, 0.7021084720796983, 0.6279283780601443, 0.737578612924382, 0.5875324169916828, 0.7138729052443055, 0.6564809965671831, 0.6578985486395487, 0.6506677572117819, 0.6525383440566159, 0.6128125227648767, 0.6735265976154515], "method": "embedding", "split_length": 500, "config": "droc_final_512", "embedding_threshold": 85}