{"f1": 0.8120952910466518, "precision": 0.8968682803778282, "recall": 0.76013635985287, "documents_f1": [0.8073464623981256, 0.7545150023180671, 0.9009538439448006, 0.8471971841062987, 0.7695119756034235, 0.7942353051205263, 0.8644959322831675, 0.8294287757104039, 0.8492585418754292, 0.9259259259259259, 0.761047768799358, 0.836175813712711, 0.8159609569724662, 0.7892306095775967, 0.8603081663798658, 0.8226093673461059, 0.7078471403856152, 0.7931038996781948], "documents_precision": [0.8653237126979639, 0.8456877024253755, 0.9470731954089294, 0.939919530090974, 0.8407621791981666, 0.9119345431821554, 0.9801322134655468, 0.8764985466027445, 0.9470961660795788, 1.0, 0.8838794396954941, 0.9185235831391326, 0.8793684914968706, 0.9109263435361199, 0.9313733662042085, 0.903914494102524, 0.7943705180376313, 0.8623510685052785], "documents_recall": [0.7604766045627874, 0.6984541910498495, 0.8675629122477067, 0.7886191587542529, 0.7222247219601075, 0.7304900304428777, 0.8126155149741526, 0.8102755289913025, 0.7999186137270374, 0.8787878787878788, 0.6882761758904689, 0.7767433793794581, 0.7865979263972007, 0.7484813744577382, 0.8041343576886057, 0.7684931860867127, 0.66974058045842, 0.7452910646722551], "method": "embedding", "split_length": 2000, "config": "droc_final_512"}