{"f1": 0.6634836683685648, "precision": 0.722414833473035, "recall": 0.7016842951492048, "documents_f1": [0.653017078962685, 0.6369393883467273, 0.7333531215826143, 0.6567095144636473, 0.5606248743085507, 0.6041393018129515, 0.7553271448431533, 0.6145298914070647, 0.7732617307771502, 0.7868054885303438, 0.5864288672385446, 0.5249755295786482, 0.6730219598538115, 0.5631441029571939, 0.6995700424415666, 0.714710209112774, 0.6919072660652996, 0.7653492996735962], "documents_precision": [0.6742385406185144, 0.6802316201451322, 0.7631288540925122, 0.7160586519299906, 0.655341294401122, 0.704185587887924, 0.854455366922183, 0.6923996986078956, 0.8477861272259445, 0.8547154820606817, 0.6689507271595323, 0.6714602722085523, 0.7376631065048641, 0.6660995673099647, 0.7148520766600241, 0.776769345929805, 0.7336992649086582, 0.8154781384929652], "documents_recall": [0.6865170257402017, 0.6678092174513424, 0.7588773366182346, 0.6771523879429515, 0.6997071127944023, 0.7142341088685148, 0.7358638573453676, 0.7481108847953823, 0.7502449618181446, 0.7531032168136726, 0.6804841587348721, 0.6652431629885774, 0.6785889115903169, 0.6887942649106615, 0.7064499556745241, 0.6813441804326309, 0.7123308293609112, 0.7603636293878759], "method": "string_matching", "split_length": 512, "config": "droc_final_512", "embedding_threshold": 90}