{"f1": 0.7264348093278222, "precision": 0.8069762947122058, "recall": 0.6672947850713795, "documents_f1": [0.6504625267513778, 0.6701123343250233, 0.8555407880886955, 0.7443662566754697, 0.6569907217737326, 0.7242748988956235, 0.8093948688443228, 0.7631889726002948, 0.7029869162026955, 0.8712111612187036, 0.6474122599348758, 0.7988806879315646, 0.7554333776251179, 0.7482249540133202, 0.6659541099466536, 0.705820554365209, 0.7206903860583967, 0.7260870926943679], "documents_precision": [0.7296619832091359, 0.7843694771855848, 0.9161457953487142, 0.8283827234618021, 0.7656544731655349, 0.7917957202554226, 0.898218450298033, 0.8229401961005479, 0.8270868081157037, 0.9472023475896885, 0.7710358370843012, 0.8710749682137436, 0.8102085592133804, 0.863245780546122, 0.736263233853673, 0.7741094390958775, 0.8155070166996485, 0.7815032535259059], "documents_recall": [0.6125867039495044, 0.6099763736936863, 0.8062366493253211, 0.6833252904426567, 0.596663062092281, 0.6836144398690687, 0.7491264865231712, 0.71538416816608, 0.6247875425868701, 0.8123063786170773, 0.5740890038490808, 0.7429712118126307, 0.7114537612791884, 0.6732733400116945, 0.6265917764128853, 0.6529888025799868, 0.6596679016391801, 0.6819104156837811], "method": "embedding", "split_length": 512, "config": "droc_final_512", "embedding_threshold": 90}