{"f1": 0.8546529422223319, "precision": 0.8923245590801696, "recall": 0.8227999856587118, "documents_f1": [0.8086956354858342, 0.8061146994370807, 0.8819405757682194, 0.8546455230184421, 0.8285163959856239, 0.879178970685841, 0.876472146007781, 0.8768775584835821, 0.8633915024127057, 0.8951339511315711, 0.8574330959589996, 0.8948287062345982, 0.863026544518144, 0.8569159718609328, 0.8864511523182076, 0.8643183669706231, 0.7696012661740195, 0.903466637560859], "documents_precision": [0.8462437078696453, 0.862421230336782, 0.8959570828977329, 0.8845666864708437, 0.8634678924950686, 0.9205056849124577, 0.9098555341639286, 0.8950062973258035, 0.8730054238329347, 0.9419143592134764, 0.8869851060811603, 0.9228708953546904, 0.9027599700800456, 0.9234686200825699, 0.9286250945557599, 0.8945541020044835, 0.8527771129091706, 0.9436624980748908], "documents_recall": [0.7756250715573673, 0.7597741230908407, 0.8694483460302007, 0.8293841688994954, 0.7974982728267582, 0.8501623793441464, 0.8527475858681687, 0.859653170513674, 0.856744490389567, 0.8603066823605724, 0.8337712078695988, 0.8725793815105792, 0.8326931731677112, 0.8226795544255863, 0.8532941640095245, 0.838669161521053, 0.7078806916007002, 0.8732854121501363], "method": "overlapping", "split_length": 1500, "config": "droc_final", "embedding_threshold": 95}