{"f1": 0.8516818464179895, "precision": 0.8993742737352309, "recall": 0.8127123100057619, "documents_f1": [0.8155337308949503, 0.8006450211480572, 0.8713635376183476, 0.8608457225615035, 0.7935697501701992, 0.8810553060384329, 0.8766401444855102, 0.87784864536042, 0.8274849528584483, 0.8905339652518262, 0.855205027953957, 0.8926551127192752, 0.860873984520769, 0.8506922698437539, 0.8873413466356684, 0.8639062923322675, 0.8145297125971727, 0.9091571775993738], "documents_precision": [0.8396944832927286, 0.8714336063653425, 0.9037696384357475, 0.8913908963465338, 0.8663065128915831, 0.9285098132900673, 0.9153863006955092, 0.9098895675256532, 0.8798890184092558, 0.9364092009529976, 0.9045742162650884, 0.9172022931518266, 0.8952479879885056, 0.9373105313155614, 0.9379076942067112, 0.9129991745139638, 0.8996474456817619, 0.9501995447276688], "documents_recall": [0.7958731518848589, 0.7462447003194175, 0.8456394933007254, 0.8350958158946217, 0.7380348118960992, 0.8479065948359868, 0.8499581127702808, 0.8487982063870548, 0.7837112078156628, 0.8563776545000615, 0.8207786006263852, 0.8724092218021431, 0.8319902755037182, 0.8093328475819823, 0.8487926957905899, 0.8257522199843388, 0.7633598111340535, 0.8783725240830522], "method": "overlapping", "split_length": 1500, "config": "droc_final", "embedding_threshold": 95}