{"f1": 0.8844917123613151, "precision": 0.8985067596416636, "recall": 0.8723864194000385, "documents_f1": [0.9159793131844195, 0.9113756613756614, 0.8874851686934783, 0.8204693456854805, 0.916290565967973, 0.8735316734432326, 0.8830365908586444, 0.9081302671530175, 0.9542074600805592, 1.0, 0.9224493981491709, 0.9493087557603687, 0.9420395200883006, 0.8840717575255096, 0.88232711339611, 0.9480539861895795, 0.9062190791305857, 0.9195709181257067, 0.9622508484528893, 0.9204656528573568, 0.773537827965909, 0.9854734802785035, 0.7988180138765258, 0.8486645110350223, 0.7471362167668611, 0.8381780326409299, 0.90457610934846, 0.9211725970057786, 0.9267485034326269, 0.9371712042171355, 1.0, 0.8839938460628116, 0.9151802773043046, 0.8195011108665201, 0.85390810575942, 0.8990954783498483, 0.8173328051727284, 0.904349249097608, 0.9665507853207626, 0.8388661706427225, 0.9416742008997971, 0.8404000655981707, 0.8806813064958856, 0.9478417794565104, 0.9060010564223138, 0.9056167455693976, 0.9200671044436936, 0.9120391565941354, 0.8162769714841662, 0.8837060434766126, 0.8962571716302868, 0.9031554011025514, 0.8583354088546172, 0.9036633566075581, 0.9463679507068762, 0.9378134559926531, 0.8796438466072342, 0.9576743603585203, 0.8938486653968954, 0.898508108161289, 0.9236561985381933, 0.8463344354386465, 0.9153222158318721, 0.7530487230948307, 1.0, 0.8018497700737499, 0.8148233519287716, 0.8595786068451446, 0.862971532529634, 1.0, 0.8274874566205228, 0.8753508383327194, 0.921238834185757, 0.9221957356641504, 0.8598115819286215, 0.8520683698087557, 0.9025105163036198, 0.9480375494506476, 0.8658124615509526, 0.77219405613884, 0.8357625967442996, 0.9483529057787341, 0.9340318985161913, 0.8554405269444155, 0.964176245210728, 0.8910629986249372, 0.9006989649184268, 0.8987915491399812, 0.958925090504038, 0.9478297799507364, 0.9697320223636012, 0.9162781662781662, 0.8359059078770255, 0.8239807086563444, 0.9312946628646287, 0.817151645891064, 0.8924001413388359, 0.9172239165941538, 0.9447622392827872, 0.8351765751944303, 0.8076597420634276, 0.8324070440036176, 0.952792977972834, 0.9650039211014821, 0.8533188168218476, 0.9308620619861219, 0.9108295814081652, 0.8736381052662366, 0.9189277077394856, 0.8960707463467027, 0.9770804923725885, 0.8600516861965808, 0.866840577299492, 1.0, 0.8791396960192029, 0.8955854221233821, 0.8963893249607535, 0.875059224928723, 0.913059163059163, 0.8645625112701496, 1.0, 0.9368083858756866, 0.9303979742498688, 1.0, 0.9444395115807197, 0.9438783758278783, 0.8507858364720159, 0.8933939204060874, 0.9382809787951575, 0.8173331813506474, 0.9247298567641611, 0.9190426075993484, 0.8498370080219986, 0.7959081326170215, 0.8943427945890999, 0.8876719969939627, 0.898989325113542, 0.7928397350084095, 1.0, 0.9822146856011642, 0.8146155002224583, 0.9087009641186649, 0.9104930033375315, 0.8632423160676841, 0.9419047325890063, 0.791278443939146, 0.9073125394534375, 0.9489253457792373, 0.9587856092553272, 0.8562024030734771, 1.0, 0.8910137105279482, 0.8705484594947893, 0.7551198779407627, 0.9436458834346665, 0.7634654504622858, 0.8634922461248712, 0.8851789949829166, 0.9617398957063452, 0.9163261017847253, 0.9561872909698996, 0.9522386732470766, 0.9525323359825464, 0.8508676017705795, 0.83819469860624, 0.9544203646370829, 0.9541715060007743, 0.9430738627669574, 0.7654427575808582, 0.8169038473068465, 0.8214225144685837, 0.8287472081977844, 0.8936893341737852, 0.9369198349863215, 0.9001847719580732, 0.9019607843137255, 0.8225817449869287, 0.9153413802564523, 0.9288439359345876, 1.0, 0.9257070707070706, 0.8395063701667996, 0.9426918494978139, 0.7810787991081617, 0.8641063656350632, 0.8194960479924477, 0.9404871346434884, 0.9561613216715258, 0.9778659253715385, 0.9165537730243614, 0.9566168385390353, 0.9657599556179678, 0.9072323252818602, 0.8895930386540454, 0.9295149103439259, 0.9369559292240908, 0.8853088562823533, 1.0, 0.9756325514773415, 0.961287678667523, 0.7774427799663709, 0.9246026481966413, 0.8363038518469795, 0.895449094206573, 1.0, 0.8723599243036363, 0.9099969053761416, 0.9418866329970196, 0.9129091778754453, 0.9022400522219799, 0.963567164369089, 0.887584917128332, 0.8546779832076354, 1.0, 1.0, 0.9001346030667898, 0.9254795679342068, 0.8306780642793488, 0.8839590259124748, 0.9773009076469714, 0.9046415843270704, 0.9177188552188552, 0.9180595382641418, 0.8852604931742114, 0.857561586388511, 0.8711345665782108, 0.9522722096354634, 0.8388785929271276, 0.965837642862125, 0.8934821318020755, 0.7949790023865076, 0.8021462799723794, 0.8914330187853703, 0.8614402396583879, 0.7932620447973894, 0.9760243413860836, 0.9547797671528272, 0.8474796483350073, 0.8529134209748707, 0.8690014895516907, 0.8512089297072976, 0.8790066804772687, 0.9356797190199132, 0.9800991047387754, 0.8342779920531868, 0.9790380690418989, 0.9125630716737972, 0.9373852315908392, 1.0, 0.9567553124607066, 0.8119191727699945, 0.9339506172839506, 0.9266675854713814, 1.0, 1.0, 0.9022765259359727, 0.9735845749342681, 0.884197311143426, 0.9797893545059467, 0.949516575143274, 0.9676259003581437, 0.8909454504710407, 0.9565436417752279, 1.0, 0.9389092226797745],