{"f1": 0.7030228641506732, "precision": 0.7559819772688573, "recall": 0.6579351120322597, "documents_f1": [0.7265666520590885, 0.8623678058194582, 0.7706234088610909, 0.7789995405525909, 0.6888446138892833, 0.6722255247892474, 0.6462304925547623, 0.5427885285832708, 0.5612140356197455, 0.7091910223843451, 0.7632149216494035, 0.7131662253472032, 0.6803208551902363, 0.6137379833351327, 0.7234867466086663, 0.770079157436503, 0.7364490554397859, 0.7267390812394742, 0.570233097644076, 0.736113780253267, 0.7125088712089319, 0.8628907011817937, 0.6529069457939927, 0.7384423433014057, 0.6081242726085537, 0.6332855201113162, 0.7266533327605874, 0.7284672982960821, 0.7451926014966105, 0.6631925119187795, 0.5470067952216094, 0.7259330494085194, 0.7755594016819486, 0.5993277874206595, 0.6944173750612417, 0.6485855079910229, 0.7297301400556014, 0.6712934148519358, 0.7128197013215273, 0.6970490615530355, 0.7857829063564293, 0.7623588105503839, 0.7034172009530327, 0.6296169218543074, 0.48974104881646924, 0.5805890933967804, 0.7903009886702677, 0.5478754287643545, 0.6973245385409413, 0.6683858418573289, 0.7080486459391939, 0.6892473358816528, 0.7486487232248097, 0.6566119055583571, 0.7268315564453509, 0.6717547326178961, 0.6050669981720729, 0.7802444481593209, 0.6262443677882302, 0.6920413866684197, 0.6679753413099881, 0.6632102798698697, 0.7500938778319192, 0.5898134171766328, 0.5557969196876905, 0.612826699903807, 0.8071572812305186, 0.623429355281207, 0.6242873961232491, 0.7288868102751928, 0.7365829042247288, 0.6527270734575961, 0.5577496883883007, 0.7697989976403118, 0.6506052158980474, 0.5701551853195524, 0.7658776294062927, 0.6016038872537967, 0.6154396398270385, 0.7406545970648536, 0.8029069479972669, 0.7300837772444702, 0.7842764953856762, 0.7627248980694205, 0.7005860890844359, 0.6661652177108955, 0.6502505390402028, 0.8687605069184016, 0.5838128116609129, 0.6578313099459797, 0.7256774781775069, 0.7590521730416239, 0.7473565319576833, 0.658735462188735, 0.7324594400591792, 0.7190786832403315, 0.74011606203273, 0.5768973720977786, 0.5718980127412806, 0.8611805290883865, 0.8043189608109929, 0.7135404104419675, 0.7854686221275724, 0.7601317211248316, 0.5799090642235344, 0.7744499509076422, 0.570334882267186, 0.6859451413927792, 0.6752221196276867, 0.8211415826172132, 0.7123081911598862, 0.6926371881313186, 0.5535862396078, 0.8224952078652844, 0.6430293170309916, 0.7242322746909903, 0.6819480118351421, 0.7488872092046694, 0.6796841128561565, 0.7802967773064567, 0.7838871258180119, 0.7951777779465523, 0.6782849260493192, 0.7989232523953262, 0.6266431493407075, 0.6118172005540944, 0.7654447321833278, 0.43383101676573815, 0.6770231790843236, 0.6144892437563015, 0.7097062714303483, 0.7045350949278687, 0.6988670878617081, 0.7226481016272301, 0.4678180503923999, 0.60484648034341, 0.7316660793378547, 0.7763385058713669, 0.6307800322512408, 0.5606887205782997, 0.6992584709014621, 0.8195204300113881, 0.5910201628374157, 0.7001200587569595, 0.62037856886372, 0.5575503427188108, 0.8053488353524086, 0.8763388899043824, 0.739359248310655, 0.6760127487927172, 0.6572899333875624, 0.7547098522831658, 0.5556731711451557, 0.582747712043151, 0.5528155083757572, 0.8460807776925835, 0.6835762534602292, 0.581841226112409, 0.828927117504004, 0.6201469087074003, 0.8581990878389192, 0.6571439621719907, 0.8140825173403176, 0.5864386543152674, 0.7693220079583716, 0.7310904374908377, 0.7151827265205251, 0.7731400773554822, 0.632396510470259, 0.6984812493857132, 0.7926884887015314, 0.7521209637252105, 0.7900332645403667, 0.6323792867265998, 0.6720530506880088, 0.8130743697429734, 0.6747474747474748, 0.6467230724430397, 0.6502360311976633, 0.7046670430188892, 0.6311855025006743, 0.8331354387260846, 0.6659945018237926, 0.7291398016924103, 0.8363818090954522, 0.9066700921539631, 0.917892217417145, 0.6071478017401907, 0.7682354802130514, 0.6842495369625187, 0.7046868955213116, 0.7808395243055607, 0.784255373341828, 0.8535932164349903, 0.804633225050304, 0.6883911256705814, 0.7540477847647488, 0.6712744040734648, 0.7447687553715392, 0.6431629481112563, 0.7095854523038989, 0.6858486398823987, 0.7117861205731723, 0.6091895679532421, 0.663590755565394, 0.7781388003120545, 0.7647410100444515, 0.6446225015939793, 0.6598755401148423, 0.805456873525476, 0.62024918345524, 0.6448322614895164, 0.7039126080212768, 0.7946568525202351, 0.6168402725305522, 0.7744283872438248, 0.6652574223199905, 0.873339023720955, 0.6900368978587718, 0.7535380933664543, 0.6713102250810108, 0.7562629851665261, 0.7709151834339241, 0.7161053667661478, 0.9257974939422922, 0.7532338330129793, 0.6437679633705733, 0.6693214587399248, 0.7012510217437292, 0.6688789758738337, 0.6882937683962705, 0.693633247657843, 0.8956312261035159, 0.5944134092647354, 0.6946036517040003, 0.7072096778929738, 0.4082073864727072, 0.6944194293628444, 0.6630338337779926, 0.8243386243386244, 0.6217543355141496, 0.6860621943198754, 0.6553772773477208, 0.797743296318718, 0.6096300027047951, 0.624586151706397, 0.7876823783944528, 0.6931649765260097, 0.7225951247740552, 0.8510399562123702, 0.6070793238232897, 0.5464917286405027, 0.8427248382816029, 0.5468266549685286, 0.8216999316738288, 0.7051094676047712, 0.8476355462421434, 0.789265563110593, 0.6963171385086677, 0.5544609488345156],