{"f1": 0.8016189588344221, "precision": 0.804656619575644, "recall": 0.7986047816379922, "documents_f1": [0.7763668782587105, 0.7832990572970621, 0.815534160043674, 0.8101155690504519, 0.7664429261429745, 0.813093295658312, 0.7992824554926369, 0.8255324563437401, 0.7850140755795461, 0.8764961332209777, 0.8055797832605945, 0.8188969212071063, 0.8008318150105703, 0.793194429070105, 0.8308991250251129, 0.7934337952095342, 0.8097364184850205, 0.815230961735861], "documents_precision": [0.7861942785881503, 0.7929341668354458, 0.8166878439645022, 0.8115013306134394, 0.7910062454807113, 0.8138110673200338, 0.7963458185978233, 0.8230735684288145, 0.7716255865975395, 0.9061533357903846, 0.8100453819242732, 0.8164432719466846, 0.7961145481372535, 0.7722166847495684, 0.8266223848434402, 0.790477454699352, 0.8177451256119305, 0.8276079891584817], "documents_recall": [0.7720594644705222, 0.7741490381575863, 0.8143866519988024, 0.8087610758274068, 0.7486394868128241, 0.8132422763673891, 0.8027516542661194, 0.828036809785838, 0.7996470205528684, 0.8539115113325928, 0.80222809447414, 0.8215254584859933, 0.8062474705153219, 0.8179426192489992, 0.8352900420995075, 0.7965101802123815, 0.8025175284116738, 0.8049060551575957], "method": "overlapping", "split_length": 1500, "config": "droc_final", "embedding_threshold": 95}