{"f1": 0.6838484303945838, "precision": 0.7644687408040746, "recall": 0.6328629857477817, "documents_f1": [0.6462422404315596, 0.616322737847506, 0.8051746157549561, 0.6510671757689058, 0.6141303115604589, 0.6775325282849655, 0.7656933348779007, 0.6977263377360532, 0.7370036042019311, 0.7447292921082891, 0.6388397342403325, 0.7571082315235111, 0.6667808651429966, 0.7082712109230843, 0.667963301463181, 0.688747999937156, 0.6568600334221281, 0.7248879051747186], "documents_precision": [0.7068040207337436, 0.7491504575679674, 0.8945393605205919, 0.7447577366951078, 0.6890038874472316, 0.768639090688298, 0.8919830708229584, 0.7502422678288752, 0.8386604396847216, 0.8086486492152436, 0.7294379725955831, 0.844333704873517, 0.7314559296463637, 0.7744389939207332, 0.735875039905776, 0.7461157318572681, 0.742069748074513, 0.7799431005815748], "documents_recall": [0.6018061564989501, 0.5501273857850181, 0.7493822259217034, 0.593008685493106, 0.5650906732802029, 0.6424791734977308, 0.697208844446395, 0.6866097531299403, 0.6730685517849793, 0.7056718040742266, 0.5857452176825588, 0.705431196187528, 0.6343606073848324, 0.6890400249837881, 0.6199144770284328, 0.650063314800964, 0.6114372426604778, 0.682919585539341], "method": "embedding", "split_length": 500, "config": "droc_final_512", "embedding_threshold": 50}