{"f1": 0.591902798453433, "precision": 0.6431393185432318, "recall": 0.5550691076426543, "documents_f1": [0.6204085291696367, 0.5494610861578985, 0.6299900035140749, 0.5571999081155794, 0.5807163863866379, 0.5663309829195251, 0.6088559902772528, 0.6063680608165124, 0.6069037600324385, 0.6837638518559627, 0.6032007898300662, 0.657078965349582, 0.5778150010328321, 0.5607344724983009, 0.5167859945450027, 0.5472075288135559, 0.5817470502278328, 0.6859236515407264], "documents_precision": [0.672812513066842, 0.6249659662980663, 0.6534687586543261, 0.5894256923503418, 0.628006384414708, 0.6480530145261812, 0.6683057352704186, 0.6222913065589858, 0.7113603286448577, 0.6908221296622082, 0.6735530912791092, 0.721390142788402, 0.6241695038339937, 0.6175058701806959, 0.5678394316648667, 0.630844401550328, 0.6137875944361509, 0.7149776297992215], "documents_recall": [0.5800569741939244, 0.5018591764502138, 0.6108689027897137, 0.5331476905576404, 0.5448050246879819, 0.5271355843960829, 0.5649755524603534, 0.6035692868206894, 0.5515609254614016, 0.6776586461890727, 0.5658346633946362, 0.61247368840319, 0.551493876008922, 0.5246181934011581, 0.4870682409057434, 0.4920678611917557, 0.5675787601894234, 0.6638926423770971], "method": "embedding", "split_length": 1500, "config": "droc_final_512"}