{"f1": 0.6917831634048691, "precision": 0.8049293655621735, "recall": 0.6264200074369425, "documents_f1": [0.6199567825767468, 0.5814967506022864, 0.8081252961948596, 0.6605021939274973, 0.6382235036838916, 0.7185978289218666, 0.7606298993073725, 0.7625859824438996, 0.6889946535245647, 0.7235229185063988, 0.6353989242782284, 0.8104985245450399, 0.7258554684924667, 0.7379301851691915, 0.6709711082854604, 0.6751563889685256, 0.6580164841396847, 0.7176924812762122], "documents_precision": [0.7292576368841118, 0.7552162648148569, 0.8826636577518272, 0.7960621455425065, 0.7604420503671361, 0.8310491852464083, 0.8824631058260444, 0.8533633020425282, 0.846758457995171, 0.8426006747019342, 0.776338725510436, 0.9003784696592488, 0.8119557080428238, 0.8705630857357872, 0.7650809100559718, 0.781466212631408, 0.7833582330239932, 0.802486811174584], "documents_recall": [0.5827539972593953, 0.535007235915819, 0.7532306225347506, 0.5970411629706356, 0.581780286078674, 0.6445081804106453, 0.6812649274526971, 0.7043374990967046, 0.6038690872619156, 0.6605678545862865, 0.5638374221598312, 0.7471649518348041, 0.6632993247952242, 0.651544572298954, 0.6407677190524698, 0.6122692280953584, 0.5863668473290784, 0.6656267716349814], "method": "embedding", "split_length": 500, "config": "droc_final_512", "embedding_threshold": 95}