{"f1": 0.9145260696471768, "precision": 0.9513659979515516, "recall": 0.8843868137841994, "documents_f1": [0.9401705579645664, 0.9752469752469753, 0.9667589683029846, 0.8898070455440825, 0.8978871071568331, 0.8802977559270332, 0.911307481476988, 0.9081302671530175, 0.9542074600805592, 1.0, 0.9228056811370083, 0.9725681192485104, 0.8785775609568498, 0.8726881765379465, 1.0, 1.0, 0.8857807908212748, 0.882412732886507, 0.9595598247166945, 0.9568293155547266, 0.9301816838174229, 0.8204502993137887, 0.8352609608711506, 0.9419102060352889, 0.8206937125673733, 0.8843249688893237, 0.8684123530078572, 0.8705560424079635, 0.9782778569749433, 0.9371712042171355, 0.9593997327577347, 0.9055752192582788, 0.8733040733040732, 0.8635023973966957, 0.8882143781534602, 0.9326854630469678, 0.9246836748309675, 0.9461834026539909, 0.9773986373507713, 0.9001621944013297, 0.8894775949280517, 0.8271120722151629, 0.9182712652898785, 0.9723539106426501, 0.9297796837687288, 0.826198820034392, 0.86979925597686, 0.9529606076371833, 0.8277913727231562, 0.9323998882335945, 0.8521848227132832, 0.8975921723564154, 0.8805425865060057, 0.9308857462038267, 0.8859339495632618, 0.9134650242157719, 0.8655987399149954, 0.9576743603585203, 0.8315297071066144, 0.9481387733233476, 0.9086813624062843, 0.7867768081231974, 0.8571740420040049, 0.9508581628201384, 1.0, 0.8515615801748421, 0.8347903855561257, 0.8936148795011394, 0.9874870880513691, 1.0, 0.8628892278359118, 0.8753265851935695, 0.9406265225564893, 0.9660317460317459, 0.8964015441695583, 0.9056340048771521, 0.8698270220026071, 0.9307163030084945, 0.973981793783774, 0.8772397269284397, 0.886232748626656, 0.9626811594202899, 0.8428747241062897, 0.8911857735059984, 0.964176245210728, 0.8930345950745879, 0.9573138509534269, 0.9624303232998885, 1.0, 0.9478297799507364, 0.8644500182378302, 0.847293833860998, 0.9259416288355761, 0.8573777445621936, 0.9493995929375266, 0.7681685198313645, 0.9497938064114534, 0.8825797385281083, 0.8395227188831841, 0.8353617778806299, 0.9371789507765739, 0.9167582642422034, 1.0, 0.9867075436640654, 0.8824911542756118, 0.9691079320451684, 0.9577306435226153, 0.9289751393469498, 0.9053107404325758, 0.8907667771369349, 0.9770804923725885, 0.8824278052055289, 0.9119207517281639, 0.9843520052869345, 0.9831958094303284, 0.8677003821010819, 0.9663588462760306, 0.9156068885577082, 1.0, 0.9068711751668467, 1.0, 0.9726416187203152, 0.9648857625530319, 0.9361372183887443, 0.935686686955484, 0.9438783758278783, 0.9226979031880572, 0.9330034637726946, 0.9463079917253056, 0.8874653191317162, 0.9421331105541632, 0.9276634292672785, 0.9058790954732757, 0.892756750968879, 1.0, 0.9366286043528653, 0.945534678421465, 0.9227318045862413, 0.9817586021195162, 0.9822146856011642, 0.8941672385939269, 0.8365118067367406, 0.8400561279462039, 0.8988822545417591, 0.9657867150179098, 0.8304229997512346, 0.9081751457715447, 0.9261740266527306, 0.9554746193520014, 0.900205063820883, 0.8939774133394464, 0.9160846780984082, 0.9733667293352032, 0.8508368693791368, 0.9436458834346665, 0.8198850906093978, 0.9308801683718247, 0.938351228506669, 0.9663975433330777, 0.9306285057550651, 1.0, 0.8984851955431811, 0.9525323359825464, 0.9853555734911668, 0.9285698809136895, 0.9598376270498168, 0.9541715060007743, 0.9214060760554038, 0.8653151224615354, 0.9361171595482108, 0.9461118610624583, 0.8770278216686495, 0.9514573257024276, 0.932820609376686, 0.9235487045829425, 0.899692415602359, 0.8985773844716606, 0.9198195184346885, 0.9560687592883786, 1.0, 0.9010355400374722, 0.9096209297819718, 0.944368254176687, 0.8476979073823436, 0.906033854056472, 0.8483288837190835, 0.9013061229388767, 0.9766767805394414, 0.9778659253715385, 1.0, 0.8793231181963576, 0.8892089392089392, 0.8996107348171057, 0.9344772355613701, 0.9083502849543511, 0.9054571576676546, 0.9031285453479588, 1.0, 0.9756325514773415, 0.9589255316658473, 0.8971008483658754, 0.9409618731213415, 0.9195657006770882, 0.927488008538099, 1.0, 0.9050740455401473, 0.9592059108937757, 0.8292736970976228, 0.9171149483562334, 0.9654528478057888, 1.0, 0.9005030895795206, 0.8990613682681272, 0.9577759436228388, 1.0, 0.9116259193502761, 0.8981802261262531, 0.9793874306315065, 0.9124080271450392, 0.9776879909878877, 0.9262992304482566, 0.9599248296922717, 0.9644891839794388, 0.9290419752590559, 0.8766687017111647, 0.8539162671516478, 1.0, 0.8613783538192067, 0.9670584507245125, 0.9113651024028382, 0.8818821073473186, 0.9313944766538417, 0.8711547115437971, 0.8868304000988969, 0.8334617050931543, 0.9586455172831508, 0.9381084045810071, 0.9249194855406045, 0.9571437752773915, 0.9069975424732718, 0.8421700990136519, 0.7774940907152822, 0.8322741385780125, 0.9800991047387754, 0.880213534689238, 0.9790380690418989, 0.9258312783612812, 0.9373852315908392, 0.9688066818793518, 0.9245445696008899, 0.9011493687489752, 0.9662215320910974, 0.9023443223443225, 0.9762725292137057, 1.0, 0.9409576278639813, 0.9735845749342681, 0.9837754467742812, 0.8577412950650891, 0.9864149208185905, 0.9294605883295989, 0.9368284025519139, 0.9639082711062145, 0.8949348074265456, 0.8541553106510115],