{"f1": 0.5527006931643899, "precision": 0.6237667663314732, "recall": 0.5095363800261826, "documents_f1": [0.5083798687641014, 0.5289417965519282, 0.5665458384195959, 0.516101891700417, 0.5283266382980304, 0.6109974313228728, 0.530973146146088, 0.5638928058413563, 0.5487838533751817, 0.6076642962121916, 0.58380248327299, 0.6399517449985777, 0.5415670835095521, 0.555019058522673, 0.4795183147445022, 0.520714995493582, 0.5213724577221012, 0.648809573337891], "documents_precision": [0.5979545459902861, 0.6325748395796343, 0.6399460897656856, 0.5579240311655569, 0.6331125206975995, 0.7101852856757117, 0.57744574898989, 0.5989114813128334, 0.6516397185568853, 0.6510258703497532, 0.7118912752145153, 0.7158440362079789, 0.6193928446581901, 0.6109061675737126, 0.518348276870202, 0.5913777529901073, 0.567817027352118, 0.6804327278241202], "documents_recall": [0.4588303927177238, 0.4765592401632806, 0.5227837721175332, 0.5055576701303987, 0.47459427074617033, 0.5665725487776424, 0.5134106789282021, 0.5577498684003307, 0.51304170657508, 0.5743906476507296, 0.5195572691684412, 0.6021316532060017, 0.49301871139040476, 0.5572707195589549, 0.4504442580945853, 0.4755710749960505, 0.49178156185141436, 0.6315411850284728], "method": "neural", "split_length": 1000, "config": "droc_final_inc_512"}