{"f1": 0.4989944866117188, "precision": 0.5562344122197169, "recall": 0.4565715745440609, "documents_f1": [0.4694299187633957, 0.4712366791911366, 0.5465870230191847, 0.4725811224429526, 0.4814999361704935, 0.5329943686379164, 0.5091553784034119, 0.5202140343412294, 0.49781296192711477, 0.5423783337087553, 0.5004302190121515, 0.5279241606040538, 0.5173436654628686, 0.48800257512546935, 0.44434074893073133, 0.456749334828553, 0.4977326078720765, 0.5731076501393918], "documents_precision": [0.550078302080536, 0.5361385582348354, 0.580834169143612, 0.5065705929861033, 0.5461060350183917, 0.5781243639835495, 0.5591679477982436, 0.5542812447519087, 0.5670436497038864, 0.6002508847224025, 0.5981591762262554, 0.5811187318974143, 0.6022727936938183, 0.5320825013870644, 0.5239395205567753, 0.5111456629129076, 0.542592621314636, 0.613657539828313], "documents_recall": [0.42853976524120657, 0.4288557634241133, 0.5259023994941759, 0.4434591868025211, 0.44492611400766524, 0.5010174302230199, 0.47055712428864416, 0.49067303927639344, 0.4537889142556472, 0.5079865697323077, 0.44305461957060993, 0.4867624979454952, 0.4563731753692896, 0.45181673923691495, 0.3949909669477248, 0.41456508153648497, 0.46338190987801453, 0.5391943577235486], "method": "overlapping", "split_length": 1500, "config": "droc_final", "embedding_threshold": 95}