{"f1": 0.9176416560506908, "precision": 0.9376393543226905, "recall": 0.8987284115524871, "documents_f1": [0.9199755407267433, 0.9320671086275846, 0.9667589683029846, 0.8454103821210301, 0.944398352202345, 0.9085397266123145, 0.9699513092146037, 0.9459116259116259, 0.922342916607971, 1.0, 0.9228056811370083, 0.9725681192485104, 0.9376798056450203, 0.9139932229810402, 0.948656525033514, 1.0, 0.9790852889476577, 0.9103333560145849, 0.9592867790111573, 0.9720893307100203, 0.781630323221442, 0.8743116826334365, 0.8147862987720105, 0.8580670838013588, 0.8939033569358705, 0.9227081979293749, 0.9184398019065575, 0.9687013356067066, 0.9494420343968497, 0.967087596923125, 1.0, 0.9215468248085003, 0.8733040733040732, 0.8006685110383417, 0.9356321209465381, 1.0, 0.9092012196134961, 0.9145027770558395, 0.9773986373507713, 0.9041085602229492, 0.9182831552065304, 0.9457391743124487, 0.9549985328754298, 0.9723539106426501, 0.9537900208569802, 0.8849536493500665, 0.9158490041470304, 0.9219662414664763, 0.8417645583232685, 0.8103527484250485, 0.9151902587519025, 0.9564909512929315, 0.9040698721143037, 0.9581228202782088, 0.9320747163187445, 0.9716685932808421, 0.9545199904934226, 0.9576743603585203, 0.9000794453486737, 0.9481387733233476, 0.9699814242709685, 0.7867768081231974, 0.9773728235571645, 0.8215035328678392, 1.0, 0.798262016920141, 0.9554573140780037, 0.9194865364422204, 0.9511696700401407, 1.0, 0.9307873022070438, 0.9516672159059704, 0.9804475346071272, 0.9660317460317459, 0.8964015441695583, 0.8708444356517052, 0.8887158576040636, 0.9307163030084945, 0.9736403331847164, 0.8153194494905754, 0.9016146247327682, 0.7114877326398416, 0.9375140274050947, 0.9217659674307296, 0.9302260392437526, 0.9181892580995007, 0.929845029060853, 0.981490288114134, 1.0, 0.9478297799507364, 0.9697320223636012, 0.847293833860998, 0.8781033318224973, 0.9242624424295122, 0.9493995929375266, 0.8412858396932769, 0.9497938064114534, 0.9267858196740635, 0.9447622392827872, 0.8307812540766352, 0.8486201050003012, 0.8688866646887184, 1.0, 0.9750497072608176, 0.8166589459460815, 0.9298872398440494, 0.9245292369745935, 0.9505707949279047, 0.87690946556465, 0.9762813749114777, 1.0, 0.887915271794569, 0.9368101644182903, 0.9843520052869345, 0.9831958094303284, 0.8674362042887621, 0.9663588462760306, 0.9513802622498274, 1.0, 0.8573569732735434, 1.0, 0.9726416187203152, 0.9180554787916752, 1.0, 0.9769150602483935, 0.8623063454044861, 0.9340867171414317, 0.926203099862474, 0.9861642284918147, 0.8563295968995942, 0.9297632596238818, 0.9276634292672785, 0.9263734068480561, 0.7880716388711262, 0.9347597597597598, 0.9579707402847025, 0.945534678421465, 0.9227318045862413, 1.0, 0.9822146856011642, 0.8978440470275041, 0.8778907406665207, 0.8897959801017817, 0.8988822545417591, 1.0, 0.8831714095693899, 0.8892951727643333, 0.9325039736979915, 0.9697771300832851, 0.9575105304490612, 1.0, 0.9160846780984082, 0.8584918466062691, 0.8535177684631915, 0.9436458834346665, 0.8010544493000311, 0.9025314000210966, 1.0, 0.8957600295885927, 0.9306285057550651, 1.0, 0.9588034361700927, 0.9525323359825464, 0.9290341768371535, 0.9635605220525155, 0.8877779354746996, 0.908522406011322, 1.0, 0.919130947428302, 0.8803144906429329, 0.9639376071965463, 0.9768814073165215, 0.9193140351888168, 0.9147751269300451, 0.9286575961351239, 0.9588099799306695, 0.8900738501345521, 0.9146217766907423, 0.9781222664948966, 1.0, 0.9722727272727273, 0.9042994728736445, 0.9676060024119195, 0.940422691185875, 0.8741081543696673, 0.9094228659205618, 0.8453122433391996, 0.9766767805394414, 0.9778659253715385, 1.0, 1.0, 0.9086634729735655, 0.9320032458868188, 0.968014291287283, 0.9617965518626562, 0.9272207523306258, 0.9693296806639188, 1.0, 0.9756325514773415, 0.9273302657953183, 0.8955834381681284, 0.9613736145651038, 0.8857151731884251, 0.927993541941944, 1.0, 0.8884372362718106, 0.9639979789628406, 0.9478390066030578, 1.0, 0.9654528478057888, 0.963567164369089, 0.9393565047260077, 0.98779381224369, 0.9577759436228388, 1.0, 0.9467423026611713, 0.8981802261262531, 0.9304170029593758, 0.9124080271450392, 0.949650838275192, 0.8012807411645305, 1.0, 0.9644891839794388, 0.8806718248708267, 0.9123246357533531, 0.8679505316950381, 1.0, 0.8854810838798994, 1.0, 0.9169866871479774, 0.8958316886326264, 0.8498381024762329, 0.9014961189576428, 0.9228750364748833, 0.8096114426390447, 0.9731647138779737, 0.8869589167305406, 0.9325414321232636, 0.9555330861700934, 0.9069975424732718, 0.9673347643753951, 0.9311613876319759, 0.875451448892365, 0.9800991047387754, 0.8533279201740326, 0.9790380690418989, 0.9398483048340928, 0.9373852315908392, 1.0, 0.9245170697888021, 0.9306378571084454, 1.0, 0.9280462868416794, 0.9762725292137057, 1.0, 0.9579964061096137, 0.9735845749342681, 0.8992206717149552, 0.8577412950650891, 0.9152487941320246, 0.9382779737190674, 1.0, 0.9293204920099761, 0.9084739893509424, 0.9362354892205639],