{"f1": 0.910062298687223, "precision": 0.9464110162968672, "recall": 0.8801962341519642, "documents_f1": [0.9401705579645664, 0.9752469752469753, 0.9667589683029846, 0.8898070455440825, 0.8978871071568331, 0.8249713929220341, 0.8777678951702406, 0.9081302671530175, 0.9542074600805592, 1.0, 0.9228056811370083, 0.9725681192485104, 0.8785775609568498, 0.8928160804381887, 1.0, 1.0, 0.885504937835591, 0.882412732886507, 0.9592867790111573, 0.9568293155547266, 0.9171559942067947, 0.8204502993137887, 0.8404733892586274, 0.9196069280781628, 0.8206937125673733, 0.8654292485008552, 0.8684123530078572, 0.8705560424079635, 0.9523408671104853, 0.9371712042171355, 0.9593997327577347, 0.9055752192582788, 0.8733040733040732, 0.8433135086532052, 0.8882143781534602, 0.9326854630469678, 0.8615591608240726, 0.9461834026539909, 0.9773986373507713, 0.9001621944013297, 0.8609262315051417, 0.8271120722151629, 0.9182712652898785, 0.9723539106426501, 0.9297796837687288, 0.8541801452960215, 0.86979925597686, 0.9529606076371833, 0.8372241237594644, 0.9303693899582156, 0.8521848227132832, 0.9374929478221598, 0.8630048095655592, 0.900282497806926, 0.8859339495632618, 0.9134650242157719, 0.8838797503332371, 0.9576743603585203, 0.8507414837947461, 0.9481387733233476, 0.9086813624062843, 0.7867768081231974, 0.8571740420040049, 0.9336366127034995, 1.0, 0.8274673910782874, 0.8347903855561257, 0.8936148795011394, 0.9177104796566086, 1.0, 0.8691817023857125, 0.8753265851935695, 0.9406265225564893, 0.9660317460317459, 0.8964015441695583, 0.8905801572271151, 0.889235681575061, 0.9307163030084945, 0.973981793783774, 0.8850744778710431, 0.8797612036221288, 0.9626811594202899, 0.8713572628475598, 0.8872739218334975, 1.0, 0.9209363263959247, 0.929845029060853, 0.9315316531966916, 1.0, 0.9478297799507364, 0.9206641706641707, 0.847293833860998, 0.9259416288355761, 0.8748606222415708, 0.9493995929375266, 0.7898990119491495, 0.9497938064114534, 0.8825797385281083, 0.8395227188831841, 0.8019930208848676, 0.9063646748214378, 0.9167582642422034, 1.0, 0.9867075436640654, 0.8650523548617549, 0.9691079320451684, 0.9577306435226153, 0.9289751393469498, 0.8427637431446215, 0.8907667771369349, 0.9770804923725885, 0.8602521769287357, 0.8863153852424297, 0.9843520052869345, 0.9831958094303284, 0.8677003821010819, 0.9663588462760306, 0.9065260565260566, 1.0, 0.9068711751668467, 1.0, 0.9726416187203152, 0.9648857625530319, 0.9361372183887443, 0.935686686955484, 0.9438783758278783, 0.9226979031880572, 0.9156771154025255, 0.9607545914599857, 0.8874653191317162, 0.9108662282913804, 0.9276634292672785, 0.9058790954732757, 0.892756750968879, 1.0, 0.9366286043528653, 0.945534678421465, 0.9227318045862413, 0.9817586021195162, 0.9822146856011642, 0.872928293901798, 0.8588935429491128, 0.8465539108268013, 0.8988822545417591, 0.9657867150179098, 0.8304229997512346, 0.9358514177684566, 0.9691108071135431, 0.9554746193520014, 0.900205063820883, 0.8939774133394464, 0.9160846780984082, 0.9611320606934216, 0.8461411480455013, 0.9436458834346665, 0.8341451947748616, 0.9308801683718247, 0.938351228506669, 0.9663975433330777, 0.9306285057550651, 1.0, 0.9491659803477148, 0.9525323359825464, 0.9853555734911668, 0.9285698809136895, 0.9598376270498168, 0.9541715060007743, 0.9214060760554038, 0.8653151224615354, 0.9501711861929519, 0.9384639932333151, 0.8770278216686495, 0.9514573257024276, 0.9454077804766676, 0.8798968461718282, 0.899692415602359, 0.8985773844716606, 0.9198195184346885, 0.9560687592883786, 1.0, 0.9010355400374722, 0.8904331042284889, 0.944368254176687, 0.8476979073823436, 0.906033854056472, 0.8483288837190835, 0.9013061229388767, 0.9766767805394414, 0.9778659253715385, 1.0, 0.8793231181963576, 0.8892089392089392, 0.9274713756470332, 0.9344772355613701, 0.8774359160434132, 0.8957621098246001, 0.9031285453479588, 1.0, 0.9756325514773415, 0.9589255316658473, 0.8576597246696478, 0.9409618731213415, 0.8967155863389656, 0.9145465522318279, 1.0, 0.9050740455401473, 0.9422225043852478, 0.8481253136029366, 0.9171149483562334, 0.8567084110603901, 1.0, 0.887584917128332, 0.8990613682681272, 0.9577759436228388, 1.0, 0.9116259193502761, 0.8981802261262531, 0.9793874306315065, 0.9124080271450392, 0.9776879909878877, 0.9092526636959897, 0.9177188552188552, 0.9644891839794388, 0.9201198265931115, 0.908399484915485, 0.8539162671516478, 1.0, 0.847474859467852, 0.9283206112694217, 0.8663615114056213, 0.8887341982106776, 0.9105959900243988, 0.8711547115437971, 0.8868304000988969, 0.8167134504444299, 0.9731647138779737, 0.9240126904999908, 0.9231646536878001, 0.9571437752773915, 0.9069975424732718, 0.870727254353482, 0.7774940907152822, 0.8322741385780125, 0.9800991047387754, 0.880213534689238, 0.9790380690418989, 0.9258312783612812, 0.9373852315908392, 1.0, 0.9245445696008899, 0.9011493687489752, 0.9662215320910974, 0.9243504801607981, 0.9762725292137057, 1.0, 0.9409576278639813, 0.9735845749342681, 0.9532282625540608, 0.8577412950650891, 0.949516575143274, 0.901509058806312, 0.9368284025519139, 0.9639082711062145, 0.9512936322069812, 0.8541553106510115],