{"f1": 0.585518613514751, "precision": 0.617852343485403, "recall": 0.5698696349374257, "documents_f1": [0.5471544707354795, 0.5722873879374801, 0.6496474374300293, 0.541480673290298, 0.5967059580479047, 0.5603020563880206, 0.6004957388338007, 0.6253112281801533, 0.5461484677874834, 0.6270753069727666, 0.5753997499630351, 0.5762117890605758, 0.5528596302743829, 0.5271510074750886, 0.5311933234087604, 0.5630668064978649, 0.618242898113797, 0.6552899323164364], "documents_precision": [0.62210210562461, 0.603705832606907, 0.6327268885695627, 0.5460508954444461, 0.6244738344450103, 0.660132287196321, 0.6203767048335278, 0.6480963311150818, 0.6525829821810988, 0.6354428456649382, 0.6363049675544875, 0.5980512421490697, 0.5748728165256844, 0.5743071494252897, 0.5356106335698456, 0.644873817076518, 0.6443090995836684, 0.6872990409897993], "documents_recall": [0.5042698646620821, 0.5610458777854019, 0.705386007736445, 0.5885080379276124, 0.5853332045181027, 0.5023933244336514, 0.6182307778729147, 0.6257262819069914, 0.49821742192137014, 0.6239067976779664, 0.5397983897399478, 0.6062862875070165, 0.5714269665916568, 0.4988677855990686, 0.5343715140503559, 0.5074953231622302, 0.6044095723666435, 0.6450785381325054], "method": "string_matching", "split_length": 500, "config": "droc_final_512", "embedding_threshold": 95}