{"f1": 0.5544011152737373, "precision": 0.6130363480843314, "recall": 0.512326686796572, "documents_f1": [0.575447011859965, 0.5261952829013288, 0.5919986880853753, 0.5164625297931597, 0.5139445606436056, 0.550774992515095, 0.541749235120602, 0.5761151739254574, 0.5595185997260103, 0.6185159099454741, 0.5368947798284941, 0.6094505815065604, 0.5326539795896693, 0.5328141744027952, 0.5002266161867059, 0.5437969030547581, 0.5522444355872657, 0.6482759327539185], "documents_precision": [0.63155177671866, 0.6046780592746916, 0.642635818167866, 0.569746840243154, 0.553771509794065, 0.6268391221148492, 0.6162930098557972, 0.6027558129692335, 0.660543608850794, 0.6304790326815491, 0.6250468396884765, 0.6947698090548196, 0.592795705984115, 0.590804941457593, 0.5514285573964665, 0.6083941169887531, 0.5891469135580928, 0.6956503912891575], "documents_recall": [0.5333905396678601, 0.4770648832290723, 0.5536871689825247, 0.4776818654338146, 0.48502457619088696, 0.5173477032999947, 0.49455178319235976, 0.5551393637030094, 0.5024415714850562, 0.6077215509797299, 0.48387992432132193, 0.5527626538187181, 0.49286432010746056, 0.49255175255623024, 0.4672567827230678, 0.4977719671154734, 0.5354833981498559, 0.6095621922314769], "method": "embedding", "split_length": 500, "config": "droc_final_512"}