{"f1": 0.5717773285460767, "precision": 0.6239205499586785, "recall": 0.5309697075934277, "documents_f1": [0.5535822165825585, 0.5346830088793301, 0.6448415525799475, 0.5356280866947242, 0.5449389575739964, 0.6285503109577116, 0.5809636131468339, 0.5790885112864579, 0.5730622212291526, 0.6331412078649309, 0.6183578153938758, 0.6339303535627708, 0.5749366676528992, 0.5341677934053431, 0.4836793244325348, 0.5061612414426282, 0.5376215050619408, 0.6285473856375785], "documents_precision": [0.5815609740005385, 0.6179625367930071, 0.6655854892704284, 0.5810270545990701, 0.6237713627308835, 0.6951662235598395, 0.6346741117025517, 0.6144329416703388, 0.652889133208571, 0.644135578190139, 0.6634858012985613, 0.6858003714670756, 0.6602374404741364, 0.5998822298315614, 0.5317414528176027, 0.5702977779573998, 0.5826844544620816, 0.6704862490162146], "documents_recall": [0.5292129695399751, 0.4846655599407235, 0.6338819489033038, 0.499847863347334, 0.5051402879900918, 0.5979603720136821, 0.5407248535703558, 0.549494130763667, 0.5469880376947622, 0.6238965433864722, 0.5818226287178349, 0.5934961577108565, 0.5132422299034922, 0.48540035289033173, 0.4534343528119242, 0.45810373834448975, 0.5026295424604229, 0.5953632691564207], "method": "overlapping", "split_length": 1500, "config": "droc_final", "embedding_threshold": 95}