{"f1": 0.7008541946115455, "precision": 0.7764708639354297, "recall": 0.6523960158941738, "documents_f1": [0.652329054910261, 0.668025806552108, 0.8273789559766059, 0.7164754392918969, 0.6502180247965769, 0.6696875625790416, 0.7908054940521468, 0.6884448504625401, 0.6796641351954436, 0.848218282661763, 0.6518541584185744, 0.7547819544088559, 0.7084034978726429, 0.7165862513744511, 0.6586449370366285, 0.6676988435630055, 0.6715789564546139, 0.7429275647203708], "documents_precision": [0.7233018352010091, 0.7642877331899466, 0.8988486853131832, 0.7972399467454307, 0.7357600953898263, 0.7413951453326265, 0.8749927420656775, 0.7363892257531249, 0.8085154048698023, 0.9126298139844532, 0.7644510236905457, 0.8357517864126859, 0.7553357882179951, 0.8023305605781355, 0.714248551244563, 0.7241912092499015, 0.7307197665377458, 0.7979790823423237], "documents_recall": [0.6030476937333313, 0.6074270554521782, 0.7753025999704432, 0.66489136915721, 0.5972472152022298, 0.6508565489762275, 0.7465224267431517, 0.6652709976367528, 0.6041989822340114, 0.7982809526961073, 0.5866628366026663, 0.7059051268309494, 0.6920329793805932, 0.6817403406045814, 0.6166852890498089, 0.6293246137208793, 0.6452287759649726, 0.6991881380406055], "method": "embedding", "split_length": 500, "config": "droc_final_512", "embedding_threshold": 65}