{"f1": 0.7316367214081617, "precision": 0.7930431324020284, "recall": 0.7072151632452551, "documents_f1": [0.7465649718725603, 0.6393574354782547, 0.7711754213097922, 0.6933751571871428, 0.8009110442398225, 0.704476016504041, 0.7606170645936574, 0.7338727280966425, 0.7856521576015455, 0.8039001847905602, 0.647625439804293, 0.7830473000717416, 0.6859298572496404, 0.6923762186991027, 0.7151601665527186, 0.7542193121651243, 0.721551121331247, 0.7856009046704093], "documents_precision": [0.814531009651332, 0.6853392846548673, 0.7814845426415681, 0.7464409516073855, 0.8973468706712234, 0.7881316134797608, 0.8640072534613065, 0.7902930793990562, 0.8776677416877012, 0.8669459382478705, 0.6912529678526128, 0.8413646724670153, 0.7721862510817786, 0.7986164913593674, 0.7415772078982434, 0.8189604007256427, 0.7635241457857586, 0.8425316952451251], "documents_recall": [0.696024827293153, 0.649089337236834, 0.8043015881181738, 0.7005438335868872, 0.7557106830893581, 0.7363176819891158, 0.7380394595209698, 0.7101688524293044, 0.7322393351858145, 0.7536559064605272, 0.6556375790044705, 0.746584419036531, 0.6364090643324095, 0.6545762229112403, 0.7226678432103645, 0.7147667966934663, 0.7218273428538081, 0.7558631090542619], "method": "string_matching", "split_length": 500, "config": "droc_final_512", "embedding_threshold": 95}