{"f1": 0.706311736199078, "precision": 0.7823679229570398, "recall": 0.6566790305739841, "documents_f1": [0.6460311366376872, 0.6885937987962324, 0.832613817626608, 0.7200936958090175, 0.6553757425303129, 0.6788469090024774, 0.7908054940521468, 0.6911386103774735, 0.6872444961093538, 0.8519720998474679, 0.6527114493197647, 0.7718789820867827, 0.7091769008757357, 0.7432128403831829, 0.6597482730868119, 0.6656718754206072, 0.6762125995891745, 0.7429275647203708], "documents_precision": [0.7143594544465356, 0.7839714809590396, 0.9061323902274423, 0.7964213116651134, 0.7415913404031024, 0.7502040199764598, 0.8749927420656775, 0.7409486865893182, 0.8171857292984152, 0.9183319977552626, 0.766550460513344, 0.8509895554712309, 0.7599130310853148, 0.8393755156750179, 0.7134488215051199, 0.7222775334120953, 0.7384480564894865, 0.7979790823423237], "documents_recall": [0.5976249808340389, 0.626676566663055, 0.7790063036741469, 0.6689144967841281, 0.6013670653894957, 0.6576819458016243, 0.7465224267431517, 0.6661742040194112, 0.6101855722723255, 0.8004454548606094, 0.5867012219532003, 0.7219411686760111, 0.6904573218148364, 0.6937272648722076, 0.6192105415750615, 0.6269771958805037, 0.6475543573603215, 0.6991881380406055], "method": "embedding", "split_length": 500, "config": "droc_final_512", "embedding_threshold": 70}