{"f1": 0.5872522987206696, "precision": 0.63439367402004, "recall": 0.5602337104752535, "documents_f1": [0.5328657426304707, 0.5694890267022382, 0.6700351371940639, 0.5702786314303058, 0.5719785219474861, 0.5909781985298725, 0.5761368097389836, 0.6032289216353098, 0.5922034564779644, 0.6674707276788899, 0.6541753822392595, 0.6652651074350361, 0.5732115676292272, 0.5281992056776871, 0.4929977357258856, 0.5468601792694824, 0.5799056802717532, 0.65549441269614], "documents_precision": [0.5771299306519614, 0.6455097954663144, 0.6483924144750021, 0.5991290048386184, 0.6320152211426415, 0.6701081126090624, 0.6173825200457321, 0.6373115851862513, 0.653818893960811, 0.6899900991915903, 0.7508362994624962, 0.7411822021404225, 0.6345380076892325, 0.5803014010661651, 0.5530369086836497, 0.5951549763352846, 0.6238152049077698, 0.6870779044717333], "documents_recall": [0.5139310736404438, 0.53871519191055, 0.70842032343019, 0.5517504076022443, 0.5306721025240092, 0.568410934673599, 0.5519846569680046, 0.5973568448629981, 0.5991901014644527, 0.6484148874209142, 0.5990708485570937, 0.6145617348617273, 0.5484153299190864, 0.49525157218365284, 0.4587732013337211, 0.5157606457224091, 0.5490495119598676, 0.6383593991830733], "method": "neural", "split_length": 2500, "config": "droc_final_inc_512"}