{"f1": 0.8019197803310725, "precision": 0.877943794083431, "recall": 0.7788364144171029, "documents_f1": [0.7823591845930373, 0.7493858570807913, 0.8507413520023425, 0.7984346450207935, 0.7007374790629931, 0.790285249527784, 0.8317718035850876, 0.8608574823732734, 0.8276912240597488, 0.8208669759441473, 0.7547157795132756, 0.9022827052092989, 0.7644403594225189, 0.8219762356665496, 0.8622966690224323, 0.8358738081348399, 0.7263694203400849, 0.911695170962196], "documents_precision": [0.820156075848906, 0.8286672309614372, 0.9515629624622792, 0.8908225024687405, 0.7599557226809099, 0.8577367948111595, 0.9364533767822026, 0.9120633052378359, 0.9261267149630478, 0.9284050042449756, 0.8207834196703039, 0.9591622565575996, 0.8347554567230754, 0.9577862882610554, 0.946143261036798, 0.9135433503928884, 0.8260936468656065, 0.9692622897799154], "documents_recall": [0.7635063723863968, 0.7373898368390587, 0.7790919042164273, 0.7766638770948949, 0.7552884364935221, 0.796911577555767, 0.7816435685538582, 0.8366826363845467, 0.7962251357163943, 0.801127563012467, 0.7719013471572548, 0.8694355189075136, 0.753867882966861, 0.7627698073312023, 0.798595020127084, 0.8089516073027955, 0.7127758032731629, 0.8705129669744389], "method": "string_matching", "split_length": 2500, "config": "droc_final_512"}