{"f1": 0.785528509770321, "precision": 0.8678574793964587, "recall": 0.7339120442394377, "documents_f1": [0.7553231128692802, 0.7732080435643082, 0.9080945017216849, 0.8324769656748864, 0.7435196560761939, 0.7221742378348254, 0.8567123780759743, 0.7986526483243624, 0.7597542087929026, 0.846129338184639, 0.7144061386387355, 0.8120907132472016, 0.7800423633467123, 0.8093227662294266, 0.7605489159449608, 0.7889852684481674, 0.7174124581707749, 0.8943408757891861], "documents_precision": [0.8382580968266966, 0.8531939550717816, 0.9552948712596132, 0.9043938517739828, 0.8153397695957646, 0.8072848347485785, 0.9686630308494107, 0.8373579075195435, 0.8974168117781932, 0.9398243927741717, 0.8312442839605877, 0.8906278462701307, 0.8420169061574714, 0.9175543482714023, 0.8368873080618519, 0.8651696715801656, 0.8302415331785659, 0.9699283065335206], "documents_recall": [0.694639189017038, 0.7231569106961039, 0.873914422890807, 0.7862674578324897, 0.6959671347862112, 0.6836615099272193, 0.8073362457839074, 0.7807416604622687, 0.680853817393249, 0.7853844901974268, 0.6471209812947071, 0.757753879301887, 0.7503866274985076, 0.7701732713521245, 0.7045470658439613, 0.7350815404712052, 0.6636279937426192, 0.8509767242787322], "method": "embedding", "split_length": 1500, "config": "droc_final_512"}