{"f1": 0.7071503474453217, "precision": 0.7727797396071967, "recall": 0.7260278917187737, "documents_f1": [0.6813598249935623, 0.6242457426055311, 0.7385251343810019, 0.7545093043741185, 0.683821075102215, 0.6763167710536037, 0.7553271448431533, 0.7210761720364719, 0.791362001114626, 0.8041122374120865, 0.5848885074535165, 0.6845582259120562, 0.6673746808185443, 0.6240980337532814, 0.801415684152829, 0.7316089174719247, 0.7140077145890347, 0.7818743536126255], "documents_precision": [0.7224860208651048, 0.6833808262698654, 0.7791304917409176, 0.8343764459243813, 0.7395316678243752, 0.7512866311672205, 0.854455366922183, 0.7721741856871489, 0.8770845948305658, 0.9053167247454019, 0.7065142632681788, 0.7445140931657961, 0.7298914323324309, 0.729638166931024, 0.8626029114273862, 0.8012306306489182, 0.8006279844234307, 0.8278491894942008], "documents_recall": [0.7052893731979301, 0.6703847359057896, 0.7866676121695134, 0.7625226228845009, 0.7214918733360812, 0.768511107590565, 0.7358638573453676, 0.7253038665767436, 0.7662781983991027, 0.7886910483874777, 0.6857256552985675, 0.723187794486976, 0.6844548373013812, 0.6860352859137984, 0.754134517690732, 0.7017013990635231, 0.740169861242025, 0.7892282854872158], "method": "string_matching", "split_length": 1000, "config": "droc_final_512"}