{"f1": 0.5797653449038335, "precision": 0.6328952631518058, "recall": 0.5485989472458855, "documents_f1": [0.5827625565156623, 0.551404538991736, 0.6179459688422175, 0.5723574160522595, 0.5614876844608455, 0.5814192675070565, 0.6015320138493023, 0.5900440749698065, 0.6023071501833089, 0.6631560000037678, 0.5868595493187839, 0.6563439965454954, 0.5485712108511297, 0.5277607289278393, 0.5121185389495665, 0.5475056820266658, 0.5475050434909372, 0.6448540838530764], "documents_precision": [0.6564459465936915, 0.6514771496760888, 0.6501611932303716, 0.6054290038407347, 0.6407267595967989, 0.6582815831658179, 0.6323333435714623, 0.6193220133798789, 0.6818010092244228, 0.6768640980819495, 0.6964891367756518, 0.7088817726482516, 0.6081927790111531, 0.5615197262544174, 0.5660187278391251, 0.6214395471521873, 0.5807957990174405, 0.6802906062564801], "documents_recall": [0.539309244495092, 0.5004927723678753, 0.593112599271406, 0.5666324882285504, 0.5122633069910864, 0.5736485541071477, 0.5920651232642823, 0.5885783124946832, 0.6048740125663034, 0.650475023765758, 0.5325599769099624, 0.6373213326782369, 0.5285333382615667, 0.5212229658070401, 0.48426362259716776, 0.49644700534594594, 0.534138715346425, 0.6192672981794568], "method": "neural", "split_length": 2000, "config": "droc_final_inc_512"}