{"f1": 0.6018213031454477, "precision": 0.6331089768976695, "recall": 0.5925712141975995, "documents_f1": [0.5875985975479044, 0.58685062293718, 0.6725116254650895, 0.5350455391264888, 0.6223737805313427, 0.5893466032000564, 0.605539728583807, 0.6203932995268356, 0.5996781427708097, 0.6559451367574654, 0.5701209550993898, 0.6560975317343091, 0.5614526552613036, 0.5502895324395894, 0.534328919545874, 0.5786428957470119, 0.605102632432324, 0.672259486500527], "documents_precision": [0.65243905828753, 0.617185694328945, 0.6505578746931567, 0.5348264983266362, 0.6431961676307109, 0.6540164384512557, 0.6302890538732605, 0.6367167055367929, 0.6910502519888359, 0.6678564912139495, 0.6274758037362054, 0.716054335401584, 0.5859754338405024, 0.6034026740923347, 0.5700175846244585, 0.6672280576698038, 0.6337209964551193, 0.6903278970353394], "documents_recall": [0.542558786872716, 0.5810801192008168, 0.7322093681759524, 0.6057544229641365, 0.6143556236560493, 0.5800950066512524, 0.594241412010722, 0.6550459967563363, 0.562480709930924, 0.6469249684762458, 0.556959496258862, 0.6316526759943447, 0.5916554682633164, 0.517878062181807, 0.5076212779437648, 0.5224321625705306, 0.5909163346587752, 0.6766393491458521], "method": "string_matching", "split_length": 1500, "config": "droc_final_512", "embedding_threshold": 95}