{"f1": 0.8410780170188025, "precision": 0.847666144665447, "recall": 0.8346146694238391, "documents_f1": [0.8141288834666933, 0.8184332123473791, 0.8343301974030446, 0.8360402947059479, 0.8257105026992209, 0.8530284716671824, 0.8483002370661432, 0.8653301873399452, 0.8345673645654464, 0.8917413553652725, 0.8392235996497268, 0.8597700194859872, 0.8445336561669227, 0.8443573808521077, 0.8657487316722595, 0.8286693694538413, 0.8165131413677257, 0.8662608525027992], "documents_precision": [0.8204240446580192, 0.8273592136443044, 0.8317232123047646, 0.8422321258350762, 0.8336511010113269, 0.8664752820222187, 0.8500472148845661, 0.8727342297350668, 0.821247829292922, 0.9329554071762945, 0.8468787698406993, 0.861994688665892, 0.8424575625477638, 0.842136840868282, 0.875585491873172, 0.832265224121331, 0.843432382666366, 0.8832504399726115], "documents_recall": [0.8141878004223172, 0.8100788446294911, 0.8372019769800625, 0.8302568666701315, 0.820537439327489, 0.8422792350801936, 0.8474444889080575, 0.858178172659339, 0.8489495986667389, 0.8621085090492131, 0.832869224615932, 0.8578787125137648, 0.8469026224804047, 0.8515276774324447, 0.8562091304147001, 0.8251335320550957, 0.7927014892895136, 0.8519945381972439], "method": "overlapping", "split_length": 1500, "config": "droc_final", "embedding_threshold": 95}