{"f1": 0.5270101900930445, "precision": 0.5817536196908762, "recall": 0.48520834251335604, "documents_f1": [0.5104331631099402, 0.47598501169089175, 0.6045096600181038, 0.4935437148637756, 0.5091619350204698, 0.5652577111040761, 0.5191271700206926, 0.5398925136167907, 0.5016429122251834, 0.5988658010786804, 0.5164741289232189, 0.5477941425572562, 0.5727208117577727, 0.5175155648727252, 0.45960901321669917, 0.47813638484151544, 0.520732745204136, 0.608296399722462], "documents_precision": [0.5578205250582363, 0.5500663546443139, 0.6242656161653016, 0.5323951816205346, 0.589336133630212, 0.638409725559803, 0.5746321347468261, 0.5667849739190581, 0.5771699781676201, 0.6280651801035176, 0.614873043009772, 0.6036926395583836, 0.6305635236448287, 0.5668499432511908, 0.5421267307084768, 0.5246324336868703, 0.5514160261755064, 0.6529184439960579], "documents_recall": [0.4761606062729042, 0.4321629775514437, 0.5916328639888669, 0.46158671325130163, 0.4669276429225244, 0.5167842228021103, 0.4795533614972327, 0.5178373744647352, 0.4571057594045463, 0.5749427471949579, 0.45941862120204663, 0.5048467425316268, 0.5250815322991716, 0.4787136089374444, 0.41320277886308315, 0.4409203052955866, 0.4943375600831874, 0.5722214651500862], "method": "overlapping", "split_length": 1500, "config": "droc_final", "embedding_threshold": 95}