{"f1": 0.568207347381122, "precision": 0.6305598566573991, "recall": 0.5290404477001285, "documents_f1": [0.5347954633926663, 0.5384587690433198, 0.6053285853972148, 0.532375407995657, 0.5532787574684009, 0.5791965029200358, 0.5611527215719733, 0.5631571386489725, 0.5832281768246362, 0.6548156381124375, 0.6102970727076561, 0.6181543103533736, 0.5543396757838606, 0.5813010450015289, 0.4942131103966376, 0.5451546386909891, 0.5439175773454482, 0.6765362752735395], "documents_precision": [0.6000647857929965, 0.6279624140514937, 0.6400676015518664, 0.5784789268029765, 0.6355187259259134, 0.6770532585070693, 0.6043522915041066, 0.6026808243940217, 0.6717408323822696, 0.6772639187583763, 0.7273006116483494, 0.7099619084406893, 0.6210317623964001, 0.6414409201125292, 0.5401726340353044, 0.6204668091351032, 0.5920956130631894, 0.6914377198503737], "documents_recall": [0.49280758826573323, 0.4888228338554675, 0.5790422068311755, 0.5058551326695072, 0.5039858651223987, 0.5626593514628452, 0.5351645971803877, 0.5620534530896243, 0.549479259186406, 0.6372827739915362, 0.5479362659418989, 0.5613265946210282, 0.5167160204167786, 0.5529101013502821, 0.465718054925038, 0.49714941189641765, 0.5216621182824558, 0.6780161550266603], "method": "neural", "split_length": 1500, "config": "droc_final_inc_512"}