{"f1": 0.6836855738750914, "precision": 0.7698053268694834, "recall": 0.6298007141474301, "documents_f1": [0.6430692092982336, 0.6237318827159138, 0.7994479075563868, 0.6510671757689058, 0.6091135426048825, 0.6700799883285269, 0.7656933348779007, 0.7061912348438636, 0.7409915492171648, 0.7507100372766494, 0.6365171426772388, 0.7525840757496599, 0.6705781213598218, 0.693092853812905, 0.6775474374528366, 0.6907922814537796, 0.6569712749382656, 0.7248879051747186], "documents_precision": [0.7051523055740202, 0.7602046276443007, 0.8878383661362909, 0.7447577366951078, 0.6904687453953445, 0.7774497460285894, 0.8919830708229584, 0.7644538808545751, 0.8596692176649016, 0.8185002741945003, 0.7299125678924892, 0.8385651540019863, 0.7418845756128158, 0.783649978438748, 0.749157352382222, 0.7484772567059026, 0.7504363780447184, 0.7799431005815748], "documents_recall": [0.5974688587602748, 0.5556052545045725, 0.7439211949272527, 0.593008685493106, 0.5580628964321109, 0.6322939883125456, 0.697208844446395, 0.6886077804704334, 0.6683782213273274, 0.7083974734665626, 0.580866310265631, 0.7012645295208614, 0.6336423688943166, 0.6660002647456438, 0.6267074569051835, 0.6492469050174544, 0.608410295447484, 0.682919585539341], "method": "embedding", "split_length": 500, "config": "droc_final_512", "embedding_threshold": 65}