{"f1": 0.6633801431629033, "precision": 0.7462135362049921, "recall": 0.6145099627285827, "documents_f1": [0.5921474676712167, 0.624192059614261, 0.7497494075123287, 0.6126371765424978, 0.6294151596881635, 0.6358125327591203, 0.6546862632143077, 0.6851401340065505, 0.6436757416992854, 0.8039738021235009, 0.7052418558662313, 0.7537176477028117, 0.6838120956519887, 0.7184757157143894, 0.6390102126451506, 0.6557142786960064, 0.6391689879402421, 0.7119423475454831], "documents_precision": [0.6743420864019103, 0.7283258356567441, 0.7741706806056853, 0.6974333888130327, 0.7251970922461273, 0.7362332080755435, 0.7493072242956806, 0.7526243401912152, 0.7498478065369936, 0.8637856747743466, 0.8039406751196679, 0.825406149586442, 0.7727494710310387, 0.8296813378377942, 0.7009600498923879, 0.734893045204744, 0.7089002326478302, 0.7990709894215998], "documents_recall": [0.5406356940395199, 0.5640797366614755, 0.7489576579679843, 0.5700825993676418, 0.5729055044328287, 0.5936960472457403, 0.6121094270772641, 0.6723842369721416, 0.5900251829300162, 0.7775511074480841, 0.6428792434091013, 0.7125885544876556, 0.6291784102804584, 0.6766872095892872, 0.5932614237017746, 0.6007089875767727, 0.5941755689251037, 0.6541808595276483], "method": "neural", "split_length": 500, "config": "droc_final_inc_512"}