{"f1": 0.9041153438604331, "precision": 0.9149813026505561, "recall": 0.8953512109163895, "documents_f1": [0.9325823375834172, 0.9567597153804049, 0.9252747252747252, 0.8704610692321726, 0.9186337818010145, 0.8426477805111995, 0.9659451585907558, 0.9383590042555223, 0.9430380256748364, 0.9073235497046115, 0.9818006098509989, 1.0, 0.9485580385600478, 0.9079759602146625, 0.8926206509539844, 0.9480539861895795, 0.9790852889476577, 0.9071351985030791, 0.9220755946562399, 0.8763198482394761, 0.8766401751854663, 1.0, 0.9132237142797167, 0.8637772583703441, 0.8514804905853118, 0.9554095381438031, 0.9852037197903422, 0.9687013356067066, 0.9326923610782787, 0.9598839141531323, 1.0, 0.9124501852706568, 0.9509347817845355, 0.8469279867138496, 0.8541674946760075, 1.0, 0.8880017746091021, 0.9401912546989445, 1.0, 0.8730519700624946, 0.953276652894565, 0.8422195792772547, 0.9330600926222465, 1.0, 0.926144597359797, 0.8525835084534285, 0.874388805217063, 0.937899643462505, 0.8568606883363619, 0.9201414285202661, 0.9354853129930221, 0.877153447608907, 0.8574944656684695, 0.9272818585189099, 0.9463679507068762, 0.9074391994459421, 0.8800044178790021, 0.9576743603585203, 0.8690166533110052, 0.8703668833743236, 0.9461451965396989, 0.8447195521215827, 0.9500349948975956, 0.7093756839855102, 1.0, 0.8312546986995627, 0.9309709007217903, 0.8962079989016489, 0.9556123579737422, 1.0, 0.9033687206020912, 0.9078801263912579, 1.0, 0.8580628039157533, 0.8598115819286215, 0.8553768110866624, 0.8868440085214523, 0.9857632201439964, 0.8642770837007366, 0.8016149668431544, 0.8243351504240248, 0.9483529057787341, 0.9770228186584524, 0.9246333740501207, 0.9267770876466529, 0.9687857961053837, 0.8973694800195955, 0.9505842876982881, 1.0, 0.8733517775441256, 0.9697320223636012, 0.9162781662781662, 0.846438626796106, 0.8515379701244549, 0.9312946628646287, 0.9090931956007712, 0.8924001413388359, 0.975608882256362, 0.9447622392827872, 0.8875779790907661, 0.8363871105837064, 0.8463524175933586, 0.952792977972834, 0.9615851176826787, 0.8622334427595336, 0.9522869605164281, 0.8759960686329085, 0.9305404136761455, 0.9482683331402022, 0.8784086714319272, 1.0, 0.8450099180523861, 0.9914799188136941, 0.9843520052869345, 0.9158737621755072, 0.883249530307283, 0.8963893249607535, 0.9088704561768819, 0.913059163059163, 0.8520500261422992, 1.0, 0.9369750646972542, 0.9182523113745833, 0.9490130281766015, 0.9444395115807197, 0.9039736070148287, 0.880028407925816, 0.8898994622192099, 0.973978976873234, 0.8627032911747273, 0.9453309885316, 0.9034238965862516, 0.8311304345568304, 0.8778791769355831, 0.9309983896940418, 0.9394500486396083, 0.9284240994105447, 0.8600929194195553, 1.0, 0.9822146856011642, 0.864175638036429, 0.9537529813377663, 0.8931483079681134, 0.8960091692405155, 0.9419047325890063, 0.8416392594020236, 0.9358514177684566, 0.9114225175016079, 0.9861405647903773, 0.9016257129714402, 1.0, 0.952090370854673, 0.8563203991645844, 0.8355534251879013, 0.9603049901466757, 0.9126605797031205, 0.8424556052129053, 0.8851789949829166, 0.9317124252460793, 0.935295123849809, 0.9561818629722879, 0.9491659803477148, 0.9525323359825464, 0.9577758649410196, 0.867038919059557, 1.0, 0.9541715060007743, 1.0, 0.8719322089167868, 0.8147788319562613, 0.8949602203535535, 0.9605530031466861, 0.9701234567901235, 0.9327608058560702, 0.9777865169056129, 0.9420056564481761, 0.8471969134631675, 0.9863741052819984, 0.9178360408657671, 0.9130116959064328, 1.0, 0.8683257121851021, 0.8948417726985642, 0.8168069390377091, 0.8641063656350632, 0.9729952587095444, 0.9091934387230167, 0.9561613216715258, 1.0, 0.9165537730243614, 0.9263676814238613, 0.8939132071717856, 0.9711660523359504, 0.8895930386540454, 0.9295149103439259, 0.9318058996387822, 0.9023060842598786, 1.0, 1.0, 0.9167677559919291, 0.7813187408181393, 0.9043188148114147, 0.8641877906015832, 0.8053961536928819, 1.0, 0.8940393694593677, 0.9243709403172415, 0.9164929820584563, 0.8440658537603422, 0.9022400522219799, 0.8855866706815217, 0.939590052929384, 0.98779381224369, 1.0, 1.0, 0.9464533144386711, 0.906751296191742, 0.9644249622219725, 0.8761823328373106, 0.968323736141573, 0.8570541447090473, 0.9177188552188552, 0.9180595382641418, 0.8865363860470642, 0.857561586388511, 0.9254391623542477, 0.9522722096354634, 0.8699014065928856, 0.9658376428621249, 0.9113651024028382, 0.8937704175482842, 0.8502792970830376, 0.8859781066335725, 0.8831822329671372, 0.8815564532867004, 1.0, 0.9691098210847641, 0.9019767290190814, 0.9550403473884345, 0.9666220719227008, 0.8369928209001675, 0.9277470923705601, 0.8769762189436242, 1.0, 0.874340948672904, 0.9790380690418989, 0.9253979860357432, 0.9702798036131369, 1.0, 0.8908154054998384, 0.8525518475993463, 0.9236812570145904, 0.9250746795023254, 0.9762725292137057, 1.0, 1.0, 1.0, 0.900311920766852, 0.9797893545059467, 0.9129403654492108, 0.9382779737190674, 0.9382089175192624, 0.9630468298225572, 1.0, 0.9389092226797745],