{"f1": 0.8223940783234448, "precision": 0.8270225557393639, "recall": 0.8178213541642819, "documents_f1": [0.7910612168207761, 0.8045821688592859, 0.8253334305765678, 0.8219587729750611, 0.7818110601174612, 0.8242703048146902, 0.8361516852451678, 0.8489719522856968, 0.8074349523066143, 0.862801948700289, 0.8299532330058512, 0.8411264615285153, 0.8279293351903615, 0.826199919478694, 0.8637422046015685, 0.8127870138274326, 0.8229128523812744, 0.8422016276283513], "documents_precision": [0.7990837540358172, 0.8128974040136253, 0.8264073423718822, 0.8234814111536123, 0.8120628999027185, 0.8309910560660588, 0.8345694277259638, 0.8463760322754884, 0.7936702965544226, 0.8805710418904457, 0.8346436893682752, 0.8388439022156825, 0.8274942864408711, 0.8067327844230486, 0.8601698417165137, 0.8134779566587994, 0.8373450591614123, 0.8504861348188553], "documents_recall": [0.7888039598343678, 0.7969225406484926, 0.8242655897336876, 0.8204757647436743, 0.7615672718984193, 0.8189853239478547, 0.8382825424516054, 0.8516149578025057, 0.8224841525242291, 0.8472178816614564, 0.82658033252828, 0.8435977483539842, 0.8293846782304515, 0.8496346853896865, 0.8674160534598854, 0.8121874209332344, 0.8104160895820037, 0.8349611085030899], "method": "overlapping", "split_length": 1500, "config": "droc_final", "embedding_threshold": 95}