{"f1": 0.8768104646864616, "precision": 0.8868730632682255, "recall": 0.8703442577391146, "documents_f1": [0.9159793131844195, 0.9113756613756614, 0.8874851686934783, 0.8128089054532638, 0.916290565967973, 0.8735316734432326, 0.8985193891375304, 0.9238669167255776, 0.9542074600805592, 0.9069062961680411, 0.9224493981491709, 0.9493087557603687, 0.9632334976000001, 0.8542363778257371, 0.88232711339611, 0.9480539861895795, 0.9062190791305857, 0.9195709181257067, 0.9622508484528893, 0.9204656528573568, 0.774095809348928, 0.9426176183695866, 0.8091241482100481, 0.8486645110350223, 0.6930482681735831, 0.879682692105635, 0.9039778198163414, 0.9055830922951705, 0.9267485034326269, 0.9371712042171355, 1.0, 0.8805296154179666, 0.9090494480943997, 0.8195011108665201, 0.85390810575942, 0.8990954783498483, 0.8173328051727284, 0.8369353715312146, 0.9665507853207626, 0.826285208459368, 0.953276652894565, 0.8636769651802053, 0.8593103292994311, 0.9478417794565104, 0.9060010564223138, 0.924745834334134, 0.9200671044436936, 0.8941594394932864, 0.8081252030316293, 0.8837060434766126, 0.8779442644459801, 0.8974502837866517, 0.8583354088546172, 0.8961662075810288, 0.9463679507068762, 0.9326188997113282, 0.8796438466072342, 0.9576743603585203, 0.8665604638766081, 0.898508108161289, 0.9352415825662256, 0.846507852678079, 0.9247627336755313, 0.6735939607661244, 0.8884527643585615, 0.8018497700737499, 0.9077693077693078, 0.8752020335157971, 0.862971532529634, 1.0, 0.8306307167315068, 0.907880126391258, 0.921238834185757, 0.9576576576576575, 0.8598115819286215, 0.8506290944310058, 0.9025105163036198, 0.9165783262913861, 0.7768545885578253, 0.77219405613884, 0.8357625967442996, 0.9483529057787341, 0.9207417199197915, 0.8632134726396883, 0.8405982905982906, 0.9417771830892199, 0.8903337454228004, 0.8987915491399812, 0.958925090504038, 0.9119243369139457, 0.9697320223636012, 0.9162781662781662, 0.8359059078770255, 0.8272889639129818, 0.9312946628646287, 0.854964148625978, 0.8924001413388359, 0.909720314656974, 0.8166329966329967, 0.8875779790907661, 0.8076597420634276, 0.8613600095096671, 0.952792977972834, 0.9550041025498457, 0.8138482401844351, 0.9308620619861219, 0.9108295814081652, 0.8736381052662366, 0.8868789783982541, 0.8960707463467027, 0.9572036091661166, 0.8470099007649972, 0.8621695922188503, 1.0, 0.8791396960192029, 0.8955854221233821, 0.8963893249607535, 0.875059224928723, 0.913059163059163, 0.8645625112701496, 1.0, 0.8937479053914889, 0.9303979742498688, 1.0, 0.9444395115807197, 0.8808599829339411, 0.8160829511147877, 0.8933939204060874, 0.9504432377239395, 0.8012187724909001, 0.9247298567641611, 0.8964857702808495, 0.8079040013738624, 0.780759173783642, 0.8943427945890999, 0.8818781210905321, 0.9191802714059379, 0.7928397350084095, 1.0, 1.0, 0.8146155002224583, 0.9173750829128967, 0.9195133867254851, 0.8515061757064006, 0.9104123395002034, 0.8082229095007168, 0.9073125394534375, 0.9649825384961689, 0.9587856092553272, 0.8562024030734771, 1.0, 0.8910137105279482, 0.8495383124345715, 0.7551198779407627, 0.9181505580719248, 0.7634654504622858, 0.8329171555661002, 0.8851789949829166, 0.9317124252460793, 0.8708902136183493, 0.9561872909698996, 0.9522386732470766, 1.0, 0.8508676017705795, 0.8253295435981637, 0.9544203646370829, 0.8595705395647156, 0.9430738627669574, 0.7436090987854297, 0.8106713919439907, 0.8214225144685837, 0.8287472081977844, 0.8807148557289824, 0.9472329720091297, 0.9001847719580732, 0.9019607843137255, 0.8357693379567679, 0.9153413802564523, 0.9288439359345876, 0.9066725387280529, 0.9257070707070706, 0.870099094081378, 0.9426918494978139, 0.7685853583858545, 0.8641063656350632, 0.8194960479924477, 0.8874641049081093, 0.9561613216715258, 1.0, 0.9165537730243614, 0.9263676814238613, 0.9657599556179678, 0.8767871074707193, 0.8895930386540454, 0.884634989818143, 0.9369559292240908, 0.8546254425487426, 1.0, 1.0, 0.9296079499569488, 0.7774427799663709, 0.9086162942443136, 0.804024512806372, 0.8721300458306844, 1.0, 0.8723599243036363, 0.8863440775058736, 0.9641913082046445, 0.8845456892750835, 0.9022400522219799, 0.9255581020286902, 0.8769609723802966, 0.8546779832076354, 1.0, 1.0, 0.8684445097152548, 0.9457341251282516, 0.8306780642793488, 0.781024519693542, 0.9773009076469714, 0.8864496250170779, 0.9177188552188552, 0.9553421487454471, 0.8852604931742114, 0.8551819744506625, 0.8591098285842275, 0.9522722096354634, 0.8247607779834722, 0.965837642862125, 0.84173518055871, 0.8095699676383706, 0.7619801767408467, 0.8717666621846528, 0.8770560887351605, 0.8254137826955591, 0.9760243413860836, 0.9547797671528272, 0.8474796483350073, 0.8017676767676768, 0.8690014895516907, 0.8672720683679588, 0.9277470923705601, 0.905726533736355, 0.921506786289395, 0.8551340291604479, 0.9619178602990034, 0.9125630716737972, 0.9135005613551921, 1.0, 0.8461518426834279, 0.7967931446895854, 0.9339506172839506, 0.9266675854713814, 1.0, 1.0, 0.959027410411646, 0.9494055458967741, 0.884197311143426, 0.9797893545059467, 0.9235209235209235, 0.9785145360414177, 0.8909454504710407, 0.9201724995199959, 1.0, 0.9389092226797745],