{"f1": 0.6831842782108719, "precision": 0.7676233645415964, "recall": 0.6302936555777584, "documents_f1": [0.6393011185577162, 0.6279207109287496, 0.8051746157549561, 0.6510671757689058, 0.6112972287664643, 0.67324414887021, 0.7656933348779007, 0.7019875403299639, 0.7396882318460939, 0.7507100372766494, 0.6349258135210906, 0.7571082315235111, 0.6620577233803219, 0.6950627839039606, 0.6775474374528366, 0.6877710977711536, 0.6546058970935861, 0.7248879051747186], "documents_precision": [0.6994238704450612, 0.7602963021553316, 0.8945393605205919, 0.7447577366951078, 0.6901506602511261, 0.7755021498333344, 0.8919830708229584, 0.7575583850509552, 0.8501763554756855, 0.8185002741945003, 0.7315829210060217, 0.844333704873517, 0.7333235456433472, 0.7802143385962186, 0.749157352382222, 0.7460734622851205, 0.7461200394430477, 0.7799431005815748], "documents_recall": [0.5951588915804025, 0.5615346022521394, 0.7493822259217034, 0.593008685493106, 0.5605054969529357, 0.6359976920162492, 0.697208844446395, 0.6872515770594355, 0.6710328463957455, 0.7083974734665626, 0.5793971436228921, 0.705431196187528, 0.6276084321673105, 0.669527601606314, 0.6267074569051835, 0.6480288860059719, 0.6073028757354132, 0.682919585539341], "method": "embedding", "split_length": 500, "config": "droc_final_512", "embedding_threshold": 60}