{"f1": 0.8802303852118056, "precision": 0.8923114903031576, "recall": 0.8708776012364997, "documents_f1": [0.9159793131844195, 0.9113756613756614, 0.8874851686934783, 0.8204693456854805, 0.916290565967973, 0.8735316734432326, 0.8985193891375304, 0.9238669167255776, 0.9542074600805592, 1.0, 0.9224493981491709, 0.9493087557603687, 0.9632334976000001, 0.8644837574103463, 0.88232711339611, 0.9480539861895795, 0.9062190791305857, 0.9195709181257067, 0.9622508484528893, 0.9204656528573568, 0.774095809348928, 0.9854734802785035, 0.7988180138765258, 0.8486645110350223, 0.7196235047382884, 0.863889997916834, 0.90457610934846, 0.9211725970057786, 0.9267485034326269, 0.9371712042171355, 1.0, 0.9076017161585428, 0.9090494480943997, 0.8195011108665201, 0.85390810575942, 0.8990954783498483, 0.8173328051727284, 0.8713949533346771, 0.9665507853207626, 0.826285208459368, 0.9416742008997971, 0.8404000655981707, 0.8979380293669584, 0.9478417794565104, 0.9060010564223138, 0.924745834334134, 0.9200671044436936, 0.8782848907050854, 0.8081252030316293, 0.8837060434766126, 0.8962571716302868, 0.8974502837866517, 0.8583354088546172, 0.8961662075810288, 0.9463679507068762, 0.9326188997113282, 0.8796438466072342, 0.9576743603585203, 0.8665604638766081, 0.898508108161289, 0.9236561985381933, 0.8463344354386465, 0.9247627336755313, 0.705498798001884, 0.9461186568571968, 0.8018497700737499, 0.8148233519287716, 0.8846764013985866, 0.862971532529634, 1.0, 0.8274874566205228, 0.8753508383327194, 0.921238834185757, 0.9221957356641504, 0.8598115819286215, 0.8520683698087557, 0.9025105163036198, 0.9480375494506476, 0.8098361929347845, 0.77219405613884, 0.8357625967442996, 0.9483529057787341, 0.9510686547726598, 0.8632134726396883, 0.8405982905982906, 0.9417771830892199, 0.9006989649184268, 0.8987915491399812, 0.958925090504038, 0.9119243369139457, 0.9697320223636012, 0.9162781662781662, 0.8359059078770255, 0.8239807086563444, 0.9312946628646287, 0.817151645891064, 0.8924001413388359, 0.909720314656974, 0.9447622392827872, 0.8351765751944303, 0.8076597420634276, 0.8324070440036176, 0.952792977972834, 0.9650039211014821, 0.8411989781812954, 0.9308620619861219, 0.9108295814081652, 0.8736381052662366, 0.9189277077394856, 0.8960707463467027, 0.9572036091661166, 0.8575268694489924, 0.866840577299492, 1.0, 0.8791396960192029, 0.8955854221233821, 0.8963893249607535, 0.875059224928723, 0.913059163059163, 0.8645625112701496, 1.0, 0.8937479053914889, 0.9303979742498688, 1.0, 0.9444395115807197, 0.9220174705883865, 0.8160829511147877, 0.8933939204060874, 0.9382809787951575, 0.8173331813506474, 0.9247298567641611, 0.9190426075993484, 0.8498370080219986, 0.7662134790501071, 0.8943427945890999, 0.8818781210905321, 0.898989325113542, 0.7928397350084095, 1.0, 0.9822146856011642, 0.8146155002224583, 0.9087009641186649, 0.9104930033375315, 0.8632423160676841, 0.9104123395002034, 0.791278443939146, 0.9073125394534375, 0.9489253457792373, 0.9587856092553272, 0.8562024030734771, 1.0, 0.8910137105279482, 0.8654301307367994, 0.7551198779407627, 0.9436458834346665, 0.7634654504622858, 0.8634922461248712, 0.8851789949829166, 0.9317124252460793, 0.8708902136183493, 0.9561872909698996, 0.9522386732470766, 0.9525323359825464, 0.8508676017705795, 0.8253295435981637, 0.9544203646370829, 0.9078097319084035, 0.9430738627669574, 0.7436090987854297, 0.8106713919439907, 0.8214225144685837, 0.8287472081977844, 0.8936893341737852, 0.9472329720091297, 0.9001847719580732, 0.9019607843137255, 0.8357693379567679, 0.9153413802564523, 0.9288439359345876, 0.9575681721990447, 0.9257070707070706, 0.845237381635179, 0.9426918494978139, 0.7685853583858545, 0.8641063656350632, 0.8194960479924477, 0.8874641049081093, 0.9561613216715258, 0.9778659253715385, 0.9165537730243614, 0.9566168385390353, 0.9657599556179678, 0.9072323252818602, 0.8895930386540454, 0.9295149103439259, 0.9369559292240908, 0.8546254425487426, 1.0, 0.9756325514773415, 0.9296079499569488, 0.7774427799663709, 0.9246026481966413, 0.804024512806372, 0.8721300458306844, 1.0, 0.8723599243036363, 0.9259259259259259, 0.9418866329970196, 0.9129091778754453, 0.9022400522219799, 0.9255581020286902, 0.8769609723802966, 0.8546779832076354, 1.0, 1.0, 0.8684445097152548, 0.9592280050450964, 0.8306780642793488, 0.8106813719424556, 0.9773009076469714, 0.9046415843270704, 0.9177188552188552, 0.9180595382641418, 0.8852604931742114, 0.857561586388511, 0.8591098285842275, 0.9522722096354634, 0.8247607779834722, 0.965837642862125, 0.8934821318020755, 0.8095699676383706, 0.7619801767408467, 0.8717666621846528, 0.8770560887351605, 0.8544214437208145, 0.9760243413860836, 0.9547797671528272, 0.8474796483350073, 0.8017676767676768, 0.8690014895516907, 0.8512089297072976, 0.8790066804772687, 0.9356797190199132, 1.0, 0.8342779920531868, 0.9790380690418989, 0.9125630716737972, 0.9135005613551921, 1.0, 0.9107614942528736, 0.8001314761813859, 0.9339506172839506, 0.9266675854713814, 1.0, 1.0, 0.9022765259359727, 0.9735845749342681, 0.884197311143426, 0.9797893545059467, 0.9629652675153181, 0.9785145360414177, 0.8909454504710407, 0.9201724995199959, 1.0, 0.9389092226797745],