{"f1": 0.6995533880275456, "precision": 0.7741432138526968, "recall": 0.6518765908378819, "documents_f1": [0.6525982883649774, 0.668025806552108, 0.7963174873274618, 0.7150601930394348, 0.6522748235813294, 0.6724117183184942, 0.7819639441884552, 0.6821781218482578, 0.6752790948820535, 0.848218282661763, 0.6513869021199326, 0.7547819544088559, 0.7084034978726429, 0.7165862513744511, 0.6586449370366285, 0.6676988435630055, 0.6773523584961726, 0.7429275647203708], "documents_precision": [0.7201616211438782, 0.7642877331899466, 0.882392216290348, 0.7949827224058513, 0.7361405548248389, 0.7396733502202567, 0.8694438862756343, 0.7303526009445394, 0.8000406301028825, 0.9126298139844532, 0.7629366436962615, 0.8357517864126859, 0.7553357882179951, 0.8023305605781355, 0.714248551244563, 0.7241912092499015, 0.732858780379988, 0.7979790823423237], "documents_recall": [0.6056316730614967, 0.6074270554521782, 0.7422244166086861, 0.6640924536816776, 0.5997440941036031, 0.6545602526799311, 0.7390595192802443, 0.6602364583556382, 0.6022285388842576, 0.7982809526961073, 0.5869190708740001, 0.7059051268309494, 0.6920329793805932, 0.6817403406045814, 0.6166852890498089, 0.6293246137208793, 0.652192871301161, 0.6991881380406055], "method": "embedding", "split_length": 500, "config": "droc_final_512", "embedding_threshold": 60}