{"f1": 0.5320886523528708, "precision": 0.5883317016327818, "recall": 0.4896493929922889, "documents_f1": [0.49472965013038767, 0.4979413836174981, 0.5759516106217776, 0.5004163693314314, 0.5189215958922552, 0.5680591704941591, 0.5151786072990122, 0.5689235907270176, 0.5273302861511334, 0.6190160807151779, 0.5491562541072575, 0.589731545078925, 0.5370693780300158, 0.5308295374726405, 0.4668523373701723, 0.48644846435119066, 0.5036030693389898, 0.601847532812792], "documents_precision": [0.5603378734639435, 0.572821415020544, 0.6031771202611498, 0.5424866653674885, 0.5830854989075592, 0.6534703532554368, 0.5790042729939783, 0.5920085096099322, 0.6052418060822337, 0.6563732841546538, 0.6253413160994786, 0.639413484947259, 0.6123727455311869, 0.5746026692262183, 0.5396514000815472, 0.5432238782132813, 0.5323180294273634, 0.6482982955361425], "documents_recall": [0.4561216066901754, 0.45196443024920363, 0.5594169007890647, 0.46666536484254295, 0.48273142375332884, 0.5153671203505921, 0.47228786753991, 0.5519273772164994, 0.4849995182075886, 0.5904787220000494, 0.4963606112222889, 0.5504546377268013, 0.48035017840798716, 0.49720389255688574, 0.42362000508057457, 0.44255342351419613, 0.47866123837987673, 0.5641890819238556], "method": "overlapping", "split_length": 1500, "config": "droc_final", "embedding_threshold": 95}