{"Ahlefeld,-Charlotte-von__Erna_0#0": {"f1": [0.9402472869310471, 0.8957914919134335, 0.8453782697273575, 0.7952758756724293, 0.7668807833970336, 0.7499296839952224, 0.739525422781191, 0.7335001492423974, 0.7292445467678456, 0.7239393247747673, 0.7195037793699338, 0.7130215158224886, 0.7059878451580738, 0.7002471174128481, 0.6947678306577686, 0.6906185306880258], "precision": [0.9296476896648397, 0.8943267463803618, 0.8573724711366721, 0.8096924221600021, 0.7792234564375695, 0.7623578020642156, 0.7526007604060947, 0.7454593432030437, 0.7408994264417599, 0.7359402144374414, 0.7310891197089315, 0.7254041408954922, 0.7184069904668062, 0.713026335339635, 0.7079219351587508, 0.7046325803037585], "recall": [0.951634823192292, 0.8987014467486981, 0.8385789613975897, 0.7883617740635837, 0.7631426646765681, 0.7481580848493797, 0.7389590793723388, 0.734994357447666, 0.7326158064849478, 0.7288269519372995, 0.7265366846534151, 0.7221536151755714, 0.7176799667164556, 0.714357229577212, 0.7109996655380663, 0.7083801690225231]}, "Anonym__Schwester_Monika_1#0": {"f1": [0.839222236458775, 0.7868681754078573, 0.769947722929555, 0.7478258914195292, 0.7270131287967753, 0.7145616425591587, 0.7052385772187334, 0.7002202066687814, 0.6954472544010665, 0.6885615295534652, 0.6815199216046617, 0.6752933077351545, 0.6705646391773668, 0.6665802761582358], "precision": [0.9085093005465649, 0.8841361749677109, 0.8667335411782845, 0.8452941321036097, 0.822129858470838, 0.8070364021089022, 0.7941853145906611, 0.7842692966730137, 0.773884510184632, 0.7630896740301926, 0.7526859910641773, 0.7438423425800758, 0.7364998634609609, 0.7297814525513888], "recall": [0.8129724175616758, 0.7695430909931483, 0.761816602321488, 0.7402970060737936, 0.7163541204115932, 0.7038421718162725, 0.6973029493620716, 0.6957951908229173, 0.6955767543031358, 0.6935338997192902, 0.6900503188690018, 0.6870341201573611, 0.6847175708338842, 0.6826583487456336]}, "Arnim-Bettina-von__Goethes-Briefwechsel-mit-einem-Kinde_2#0": {"f1": [0.9333333333333332, 0.8403830369059239, 0.7855782310794238, 0.7584962068772113, 0.753040075735711, 0.7508225356112863, 0.7543947934158712, 0.7540605225002066, 0.7506618440248914], "precision": [1.0, 0.9090876393073898, 0.8630009246999926, 0.8357301881149196, 0.8161237868487166, 0.8061024634715626, 0.8023322779974645, 0.7960111856282585, 0.7904099310910696], "recall": [0.8888888888888888, 0.8006421297152077, 0.7546126304445973, 0.7361904768021824, 0.7402366483765436, 0.7448537517503407, 0.7541749718268632, 0.7589915019347372, 0.7591271910280746]}, "Aston,-Louise__Revolution_und_Contrerevolution_3#0": {"f1": [0.7418838885564494, 0.7276328414909335, 0.7092272713483326, 0.7082628246800252, 0.7011940824858588, 0.6932885025211784, 0.6876001604139107, 0.6815269174695461, 0.6759175265323001, 0.6727945260096648], "precision": [0.8189927777904421, 0.7863062187831872, 0.7645787019534195, 0.7650001796688873, 0.7559648043305957, 0.7486872864257988, 0.7419284546850756, 0.7349897887031589, 0.7310405344515178, 0.7286741360996615], "recall": [0.7464930247380432, 0.740288198536164, 0.7317322207380202, 0.7296856690526154, 0.7236400288100073, 0.7140287797842305, 0.7078081996794531, 0.7005936676378871, 0.6950763876628797, 0.6921390989932469]}, "Auerbach,-Berthold__Der_Lehnhold_4#0": {"f1": [0.7392141214046303, 0.7412269206264835, 0.7241207538820914, 0.7087447417397182, 0.6895846505185669, 0.6742833602640964, 0.6573189220991904, 0.6440920825476147, 0.6325588256013698, 0.6210781198916324, 0.612903617603695, 0.6063624079965741, 0.5998139306522505, 0.5936714834080088, 0.5877343511668639, 0.5836986026654006, 0.5799062316297549, 0.5783639729499344, 0.5778897743007133, 0.5764947916462307, 0.5752280399329273], "precision": [0.878980837838832, 0.8875434358415447, 0.875487649379232, 0.8590187799264356, 0.8366334782556462, 0.8143890381949501, 0.7889910439751268, 0.7697166916139904, 0.7545872450199785, 0.7384264870792928, 0.7262219817837471, 0.7161339065180862, 0.7069531216435863, 0.699177246288551, 0.6923076791585258, 0.6876921417680553, 0.6845928508046758, 0.6828468576830424, 0.6822749217655567, 0.6797788033118252, 0.6776318379997884], "recall": [0.742175768037837, 0.7406245124679142, 0.734280163620071, 0.7301238134437167, 0.72084184975775, 0.7168221855799444, 0.7113154738109602, 0.7089535002529757, 0.7066126382158221, 0.7020072440169588, 0.6986306337435657, 0.6969834484372842, 0.6958292422771305, 0.6952768787906592, 0.6943579843998418, 0.694019490461248, 0.6937321402733425, 0.6944314855358901, 0.6955880757203191, 0.6959454649351108, 0.6962656215227346]}, "Balzac,-Honor\u00e9-de__Vater_Goriot_5#0": {"f1": [0.7372606553320654, 0.7134420723196074, 0.6868244421599154, 0.6763047344755057, 0.6597876994801414, 0.6459553800736222, 0.6358072955437732, 0.6296621217582803], "precision": [0.8497078655310362, 0.8176169682106273, 0.7891156558827969, 0.7758534061557184, 0.7573677603417931, 0.7434532385434998, 0.7336542355913077, 0.7275259764534643], "recall": [0.746978021978022, 0.732423726391697, 0.7227229875430862, 0.7172895207721144, 0.7126330038048861, 0.7106251375831835, 0.710151444428668, 0.711218466476439]}, "Bierbaum,-Otto-Julius__Stilpe_6#0": {"f1": [0.922632297752247, 0.9156862664555132, 0.9017783198069084, 0.8637855884367717, 0.837346603769666, 0.8139083094248775, 0.8016214227145854], "precision": [0.9916666666666667, 0.9882352941176471, 0.9880952380952381, 0.957560261868433, 0.9359477171883809, 0.913916725788554, 0.9017162517561031], "recall": [0.8753153848983044, 0.8665209006579682, 0.8484539717584222, 0.8197746389562138, 0.8012602555492071, 0.7820980984543481, 0.7722326714226484]}, "Bruckbr\u00e4u,-Friedrich-Wilhelm__Mittheilungen_aus_den_geheimen_Memoiren_einer_deutschen_S\u00e4ngerin_7#0": {"f1": [0.8328046206586585, 0.7915692474067114, 0.7621931123266741, 0.7401888847637697, 0.7218366653504248, 0.7071542209477202, 0.6932827181539434, 0.6805498108353651, 0.6704332752986897, 0.6626658731038683], "precision": [0.8310122328823116, 0.8032622245090174, 0.7842062702024583, 0.7703045202509924, 0.7561669719352219, 0.7454003122929418, 0.7361817713082651, 0.7280924353882202, 0.7219543824646498, 0.7175137470942317], "recall": [0.8551990559082091, 0.8181857536441314, 0.7967245067301474, 0.7842472290208043, 0.7789098110324644, 0.7750939829008999, 0.7711567262129196, 0.7670343256990283, 0.7641750657142979, 0.7620591639538521]}, "Duncker,-Dora__Gro\u00dfstadt_8#0": {"f1": [0.8188708667846499, 0.8113700486807911, 0.799232515910448, 0.7969042782063517, 0.794704177648942, 0.7958628995084549, 0.7955549727161616, 0.7912432069359138], "precision": [0.8918940870695256, 0.901693008853373, 0.8941427133292467, 0.892407453974149, 0.8918992633710953, 0.895322985220349, 0.8928512420415325, 0.8840028470629112], "recall": [0.7814024599738886, 0.7753077084212837, 0.7634322985102182, 0.7609838816023969, 0.7569229328685737, 0.7563167848158193, 0.756271134425402, 0.7551487793495203]}, "Fischer,-Caroline-Auguste__Gustavs_Verirrungen_9#0": {"f1": [0.9164091279276589, 0.922689913508858, 0.9120902854908328, 0.8830769372334162, 0.8551175210022004], "precision": [0.9508771929824561, 0.9524845046748608, 0.9418785372965561, 0.9288377258090086, 0.9093681899330691], "recall": [0.8879382030550397, 0.8974574621711936, 0.8855975757046116, 0.8450360629965051, 0.814670881991827]}, "Fontane,-Theodor__Quitt_10#0": {"f1": [0.8265448273769822, 0.7930879817487301, 0.7492788305207047, 0.7212994171020931, 0.69200854922582, 0.6668601338973946, 0.6482950024348663, 0.6353073644640476, 0.6270786147907017, 0.6211278632590939], "precision": [0.9428571428571427, 0.8997479258948071, 0.8488094939041968, 0.8134209673779083, 0.7777444175936489, 0.7496543582742019, 0.729284324358599, 0.7157214702482665, 0.7077007329254328, 0.7019914104303225], "recall": [0.7712611527752373, 0.7505952116556922, 0.7241499875245362, 0.7136673295589896, 0.7071105080917062, 0.7021304950282176, 0.697933910869092, 0.6948931486052037, 0.6928530280572792, 0.6911776432737119]},